aX,aY,aZ,gX,gY,gZ
0.634,-0.756,-1.486,-28.809,52.979,-91.125
0.431,-1.055,-1.633,8.057,8.057,-28.320
0.474,-0.866,-1.389,23.804,-0.366,0.122
0.617,-0.726,-1.381,20.630,26.794,11.230
0.462,-0.342,-1.833,-11.353,38.147,15.808
0.485,-0.099,-1.862,-126.953,50.842,20.447
0.286,-0.073,-1.854,-197.449,57.556,15.381
0.134,-0.212,-1.776,-329.895,71.655,10.437
0.028,-0.456,-1.502,-378.479,80.078,13.306
0.035,-0.439,-1.419,-407.837,87.891,15.930
0.059,-0.367,-1.383,-411.011,101.013,8.667
0.115,-0.152,-1.357,-398.743,105.774,-1.526
0.138,-0.052,-1.327,-389.038,114.563,-27.283
0.157,-0.089,-1.299,-389.954,121.704,-38.940
0.209,-0.086,-1.133,-353.210,145.447,-50.903
0.353,0.018,-0.749,-312.866,160.461,-48.767
0.621,0.059,-0.920,-250.427,188.721,-25.269
0.975,0.039,-1.379,-204.834,193.665,-1.953
0.939,-0.026,-1.216,-161.743,187.378,60.730
0.881,-0.167,-0.539,-241.577,191.833,86.548
0.827,-0.037,-0.406,-336.060,223.328,121.094
0.801,0.089,-0.453,-257.874,236.450,134.277
0.807,-0.038,-0.495,-115.967,239.258,157.104
0.831,-0.195,-0.567,-128.906,232.605,163.757
0.854,-0.159,-0.606,-165.405,223.877,165.100
0.901,-0.079,-0.643,-196.350,202.270,156.067
0.949,-0.082,-0.662,-189.392,189.148,149.597
1.010,-0.076,-0.672,-166.382,160.034,138.550
1.094,-0.066,-0.601,-151.306,144.775,134.399
1.097,-0.071,-0.560,-123.230,113.525,127.502
1.073,-0.046,-0.462,-117.004,98.328,123.718
1.085,-0.017,-0.415,-108.582,72.449,114.197
1.162,0.003,-0.340,-103.333,62.866,108.521
1.184,-0.009,-0.301,-98.572,50.537,95.276
1.182,-0.027,-0.231,-97.290,46.570,87.891
1.168,-0.055,-0.203,-88.806,41.138,72.388
1.126,-0.147,-0.168,-87.769,39.368,64.514
1.105,-0.184,-0.161,-90.820,37.964,56.458
1.084,-0.272,-0.134,-95.581,34.058,41.138
1.092,-0.315,-0.108,-95.764,30.640,34.729
1.109,-0.355,-0.087,-98.145,22.156,25.574
1.149,-0.422,-0.038,-95.337,18.555,23.254
1.166,-0.457,-0.021,-84.595,13.428,22.888
1.181,-0.502,0.008,-78.918,10.864,25.146
1.179,-0.517,0.019,-61.890,2.747,33.875
1.184,-0.538,0.035,-53.101,-2.075,38.696
1.199,-0.540,0.036,-37.537,-11.719,47.363
1.215,-0.535,0.034,-29.968,-16.785,51.086
1.214,-0.536,0.026,-24.292,-22.400,54.260
1.218,-0.532,-0.009,-23.376,-37.292,58.960
1.218,-0.539,-0.034,-27.893,-46.753,60.364
1.219,-0.548,-0.064,-41.809,-69.824,62.439
1.227,-0.533,-0.066,-52.368,-83.252,64.148
1.244,-0.466,-0.020,-66.284,-114.380,72.083
1.285,-0.311,0.127,-56.641,-131.531,79.224
1.278,-0.244,0.196,-22.949,-164.978,100.586
1.155,-0.174,0.325,-11.047,-180.420,113.953
1.049,-0.167,0.381,10.254,-210.876,141.235
0.894,-0.169,0.433,19.287,-226.440,153.931
0.867,-0.173,0.457,29.663,-256.042,177.612
0.843,-0.239,0.542,33.875,-269.531,189.087
0.802,-0.289,0.594,34.973,-282.410,200.562
0.729,-0.330,0.638,15.381,-307.068,226.562
0.529,-0.298,0.726,1.160,-316.833,242.798
0.417,-0.231,0.773,-14.282,-331.299,283.569
0.193,-0.000,0.899,-10.132,-337.463,308.044
0.069,0.123,0.938,37.109,-346.069,361.816
-0.247,0.168,0.962,72.571,-348.572,387.573
-0.485,0.164,0.958,83.008,-353.210,433.899
-1.031,0.258,0.902,50.964,-350.342,458.069
-1.344,0.396,0.843,-22.827,-326.233,516.724
-2.141,0.789,0.639,-36.438,-307.068,551.758
-2.701,0.968,0.516,-2.075,-262.878,627.625
-3.880,1.146,0.332,23.071,-241.638,663.757
-4.000,1.251,0.331,32.959,-221.497,697.571
-4.000,1.434,0.440,-20.203,-174.683,758.911
-3.987,2.046,0.904,-57.129,-137.939,785.522
-3.985,2.308,1.147,-78.796,-11.597,826.660
-4.000,2.643,1.637,-80.811,90.515,835.205
-4.000,2.796,1.804,-165.161,417.175,808.777
-4.000,2.746,0.888,-270.325,649.719,758.911
-4.000,2.802,-0.519,-544.556,1198.914,533.142
-4.000,3.218,-3.900,-595.337,1457.641,354.065
-4.000,3.192,-4.000,-393.860,1815.918,5.493
-4.000,2.164,-4.000,-253.601,1903.625,-103.638
-4.000,1.107,-3.949,-165.527,1925.171,-166.992
-4.000,-1.710,-3.991,-323.303,1728.638,-278.320
-4.000,-2.924,-4.000,-590.515,1515.015,-392.395
-4.000,-3.100,-4.000,-957.336,931.274,-648.254
-3.719,-2.031,-3.999,-810.791,638.855,-666.809
-3.320,-1.659,-3.999,-98.022,266.113,-427.551
-2.935,-1.565,-4.000,229.553,185.730,-265.381
-2.779,-1.594,-4.000,627.258,96.008,-38.269
-2.175,-1.602,-3.876,686.706,59.204,12.573
-1.895,-1.549,-3.559,547.302,27.527,34.424
-1.711,-0.853,-2.773,331.787,24.658,17.761
-1.552,-0.299,-2.576,-83.252,5.737,-25.574
-1.234,0.416,-2.247,-110.474,16.479,-46.814
-1.160,0.467,-2.150,36.804,69.702,-72.388
-1.086,0.209,-2.119,82.458,88.135,-73.364
-1.029,0.095,-2.110,54.932,105.835,-83.313
-0.911,0.002,-2.107,26.672,106.140,-92.468
-0.882,0.022,-2.114,5.310,99.365,-100.891
-0.870,0.038,-2.086,4.456,66.772,-108.521
-0.807,-0.070,-1.971,10.742,45.044,-108.948
-0.745,-0.164,-1.885,6.165,0.732,-107.544
-0.691,-0.246,-1.602,-0.366,-19.653,-105.225
-0.709,-0.227,-1.448,-10.071,-52.246,-96.008
-0.728,-0.146,-1.145,-13.367,-62.500,-89.355
-0.713,-0.105,-1.007,-12.390,-68.420,-74.707
-0.662,-0.056,-0.806,-6.409,-64.880,-67.993
-0.640,-0.038,-0.750,6.409,-50.781,-56.335
-0.611,0.005,-0.703,11.780,-42.847,-50.720
-0.600,0.018,-0.688,23.926,-29.602,-40.344
-0.572,0.011,-0.708,24.963,-25.208,-37.292
-0.552,0.005,-0.733,11.902,-20.569,-34.607
-0.489,0.026,-0.797,1.587,-19.958,-33.203
-0.465,0.049,-0.832,-21.057,-20.508,-30.884
-0.427,0.091,-0.888,-30.151,-21.301,-29.358

-1.841,-0.025,0.914,68.970,-460.083,421.143
-2.047,-0.048,0.921,-25.391,-431.274,478.149
-2.673,0.008,0.916,-75.012,-404.053,510.132
-3.093,0.091,0.971,-152.832,-333.984,579.590
-3.934,0.337,1.076,-185.181,-292.419,616.516
-4.000,0.499,1.156,-247.925,-192.383,693.664
-4.000,1.273,1.465,-282.654,-130.310,734.741
-3.989,1.783,1.648,-306.396,28.809,823.181
-3.997,2.634,2.024,-291.138,130.859,861.328
-4.000,2.955,2.030,-282.471,256.165,887.634
-4.000,3.258,1.770,-337.158,604.004,886.169
-4.000,3.889,-0.270,-384.705,832.519,842.895
-4.000,4.000,-1.735,-421.143,1337.280,652.527
-4.000,3.909,-4.000,-388.611,1561.828,517.456
-4.000,3.403,-4.000,-308.228,1862.915,223.511
-4.000,1.270,-3.996,-315.186,1921.936,74.768
-4.000,0.493,-3.959,-545.532,1794.983,-221.008
-4.000,-2.622,-3.998,-804.932,1600.586,-382.935
-4.000,-3.011,-4.000,-1054.443,1013.977,-642.456
-3.761,-1.594,-4.000,-800.415,715.576,-624.634
-3.580,-1.247,-3.999,169.495,320.984,-309.387
-3.359,-1.426,-4.000,541.260,211.670,-133.240
-3.248,-1.524,-4.000,697.205,122.253,-8.911
-3.022,-1.443,-3.991,513.916,-13.977,58.105
-2.463,-0.709,-3.386,306.213,-42.969,36.011
-2.187,-0.194,-2.884,-25.757,-29.236,-21.118
-1.921,0.416,-2.264,-33.203,4.578,-41.138
-1.797,0.330,-2.103,39.734,33.264,-76.355
-1.442,-0.137,-2.135,72.876,49.438,-85.571
-1.329,-0.270,-2.159,67.383,106.628,-91.064
-1.275,-0.229,-2.089,35.828,121.704,-93.018
-1.230,-0.205,-2.085,8.789,122.253,-92.712
-1.033,-0.194,-2.083,14.771,113.770,-89.600
-0.946,-0.203,-2.027,40.405,89.844,-78.430
-0.854,-0.291,-1.921,54.321,76.111,-69.336
-0.823,-0.334,-1.859,65.735,61.584,-59.326
-0.802,-0.353,-1.705,60.547,30.823,-42.480
-0.791,-0.298,-1.650,40.588,15.564,-36.438
-0.782,-0.227,-1.612,17.761,-10.681,-28.687
-0.751,-0.174,-1.538,33.386,-19.592,-27.039
-0.737,-0.211,-1.486,77.393,-29.358,-28.320
-0.713,-0.292,-1.388,79.102,-31.982,-30.701
-0.697,-0.304,-1.366,45.837,-36.560,-36.804
-0.672,-0.202,-1.318,22.522,-39.429,-39.429
-0.669,-0.120,-1.294,-14.465,-47.974,-40.039
-0.651,0.005,-1.245,-19.226,-53.467,-37.842
-0.661,0.031,-1.224,-0.549,-65.979,-30.701
-0.689,0.090,-1.201,14.099,-72.815,-26.550
-0.716,0.122,-1.189,30.579,-86.365,-18.738
-0.797,0.177,-1.184,30.396,-93.079,-15.747
-0.810,0.217,-1.183,13.306,-105.896,-12.390
-0.821,0.321,-1.170,-0.610,-112.061,-11.475
-0.837,0.376,-1.167,-13.184,-118.225,-10.620
-0.921,0.483,-1.182,-26.672,-131.287,-8.545
-0.984,0.514,-1.193,-27.588,-138.123,-7.324
-0.989,0.533,-1.203,-9.949,-150.696,-6.775
-0.878,0.520,-1.245,5.554,-155.457,-7.874
-0.838,0.490,-1.278,18.188,-161.072,-12.085
-0.823,0.430,-1.328,9.521,-162.415,-14.648
-0.756,0.397,-1.333,-30.518,-165.649,-18.982
-0.969,0.383,-1.360,-64.453,-168.274,-20.081
-0.938,0.412,-1.353,-132.385,-174.988,-18.982
-0.776,0.506,-1.376,-148.987,-178.406,-17.029
-0.667,0.519,-1.374,-130.798,-182.312,-12.695
-0.566,0.488,-1.351,-112.671,-183.166,-11.292
-0.549,0.456,-1.331,-108.032,-184.692,-9.094
-0.534,0.435,-1.316,-123.840,-186.218,-7.446
-0.526,0.468,-1.315,-166.260,-190.491,-0.610
-0.447,0.580,-1.298,-177.734,-192.932,4.883
-0.396,0.617,-1.285,-159.241,-197.205,17.822
-0.299,0.608,-1.214,-139.221,-198.547,23.499
-0.249,0.572,-1.158,-117.249,-198.364,31.616
-0.138,0.553,-1.062,-120.972,-196.533,34.546
-0.085,0.590,-0.998,-132.812,-193.115,37.598
0.139,-0.651,-0.303,-197.693,-178.223,51.392
-0.459,-0.671,-0.361,-328.979,-153.931,94.421
-0.427,0.135,-0.713,-384.094,-95.093,174.988
0.211,0.579,-0.926,-239.319,-81.970,167.175
0.121,0.460,-0.800,-28.259,-71.777,132.019
-0.054,0.565,-0.718,-22.095,-68.298,120.972
-0.029,0.466,-0.744,-151.611,-57.495,108.521
0.172,0.295,-0.891,-251.465,-48.523,100.525
0.214,0.442,-0.947,-432.007,-25.208,81.543
0.188,0.753,-0.890,-466.309,-14.587,74.158
0.209,0.773,-0.895,-389.465,-1.282,62.134
0.313,0.691,-0.961,-324.158,3.113,56.885
0.332,0.624,-0.947,-267.334,11.108,49.500
0.392,0.523,-0.929,-285.217,15.198,47.241
0.449,0.517,-0.920,-314.575,19.104,45.715
0.453,0.507,-0.892,-341.064,24.658,43.884
0.510,0.539,-0.856,-330.872,25.879,44.006
0.552,0.550,-0.826,-281.616,27.710,46.509
0.608,0.491,-0.718,-248.230,29.114,47.791
0.636,0.418,-0.646,-189.514,31.982,47.913
0.657,0.230,-0.585,-181.824,33.752,46.204
0.704,0.232,-0.551,-223.511,39.795,40.405
0.697,0.320,-0.503,-248.169,43.518,37.231
0.606,0.311,-0.433,-253.906,46.875,34.058
0.616,0.297,-0.402,-220.581,51.392,25.452
0.708,0.208,-0.363,-207.703,53.406,21.301
0.755,0.130,-0.311,-209.412,57.495,13.000
0.803,0.005,-0.245,-213.074,59.204,7.629
0.730,-0.028,-0.244,-210.327,63.354,-2.136
0.895,-0.071,-0.169,-217.773,66.650,-3.662
1.029,-0.147,-0.150,-248.718,75.439,0.549
1.190,-0.239,-0.075,-260.620,80.811,4.517
1.224,-0.276,-0.018,-274.963,90.149,13.977
1.219,-0.219,0.125,-274.963,92.896,19.409
1.214,-0.196,0.158,-264.038,94.238,25.574
1.235,-0.193,0.146,-206.116,95.947,39.917
1.274,-0.231,0.131,-168.518,98.022,47.485
1.257,-0.265,0.156,-120.972,101.685,60.242
1.234,-0.312,0.173,-119.934,100.586,64.575
1.233,-0.294,0.179,-134.094,88.501,67.261
1.260,-0.264,0.173,-134.094,79.346,65.857
1.284,-0.250,0.140,-114.563,57.739,60.303
1.312,-0.254,0.139,-99.792,45.410,58.167
1.298,-0.282,0.158,-84.290,34.912,55.115
1.283,-0.315,0.162,-87.402,10.742,45.959

-1.662,0.611,0.693,-74.036,-215.759,439.819
-1.951,0.682,0.702,-137.634,-187.744,483.459
-2.455,0.884,0.751,-158.508,-168.091,507.385
-2.684,0.959,0.740,-160.400,-116.333,554.749
-3.320,1.060,0.759,-157.043,-82.642,576.355
-3.721,1.127,0.796,-174.622,4.150,613.647
-4.000,1.365,0.859,-191.284,58.167,628.052
-4.000,1.559,0.943,-210.937,120.850,636.658
-4.000,1.841,1.036,-242.981,283.447,638.245
-3.993,2.269,1.097,-239.319,388.916,628.357
-3.999,2.360,1.053,-218.811,651.550,567.322
-4.000,2.190,0.132,-237.732,805.481,509.766
-4.000,2.099,-0.895,-314.697,1150.635,328.064
-4.000,1.766,-3.483,-327.454,1326.904,208.984
-4.000,1.456,-4.000,-275.391,1627.563,-35.217
-4.000,0.500,-4.000,-251.770,1726.807,-140.991
-4.000,-0.057,-3.984,-403.137,1730.102,-326.294
-4.000,-1.276,-3.984,-615.112,1604.065,-435.669
-4.000,-1.886,-4.000,-800.537,1146.362,-650.879
-4.000,-1.985,-4.000,-596.436,893.860,-671.265
-3.999,-1.704,-4.000,-281.189,683.411,-605.164
-3.580,-1.491,-4.000,259.888,423.767,-330.627
-3.261,-1.517,-4.000,372.436,340.698,-202.332
-3.094,-1.462,-4.000,259.338,193.665,-66.040
-3.007,-0.812,-3.936,113.892,130.066,-44.861
-2.951,-0.369,-3.667,3.296,33.386,-41.443
-2.710,0.051,-2.988,80.872,2.197,-46.204
-2.436,-0.064,-2.836,245.361,-12.207,-66.467
-1.762,-0.467,-2.574,246.521,7.263,-80.444
-1.577,-0.526,-2.377,19.836,31.616,-74.646
-1.430,-0.463,-2.164,-98.145,36.133,-83.618
-1.354,-0.406,-2.086,-77.576,72.937,-96.436
-1.381,-0.439,-2.014,-10.254,79.651,-87.097
-1.323,-0.419,-2.007,62.805,71.228,-68.665
-1.090,-0.383,-1.975,77.515,65.186,-59.692
-1.009,-0.370,-1.917,83.252,49.683,-38.696
-0.885,-0.368,-1.821,74.097,39.185,-31.433
-0.830,-0.355,-1.791,48.401,16.296,-23.254
-0.778,-0.261,-1.688,41.138,5.066,-20.142
-0.779,-0.200,-1.632,36.926,-15.625,-15.686
-0.756,-0.117,-1.576,38.696,-24.536,-13.977
-0.754,-0.082,-1.548,41.016,-32.166,-12.695
-0.776,-0.051,-1.508,37.476,-44.373,-12.207
-0.800,0.015,-1.427,31.799,-49.622,-13.123
-0.790,0.052,-1.401,21.973,-59.265,-16.907
-0.838,0.116,-1.351,22.461,-63.782,-19.348
-0.877,0.143,-1.327,30.823,-73.120,-25.146
-0.879,0.188,-1.306,34.180,-78.125,-28.015
-0.862,0.206,-1.311,39.551,-88.318,-33.813
-0.901,0.237,-1.319,41.321,-93.689,-36.987
-0.934,0.260,-1.318,41.321,-104.980,-44.250
-0.958,0.306,-1.310,40.527,-110.962,-48.035
-0.970,0.322,-1.303,31.555,-124.023,-54.199
-0.979,0.336,-1.297,21.912,-130.981,-56.213
-0.960,0.335,-1.288,-1.282,-144.531,-57.678
-0.925,0.312,-1.245,-15.259,-150.269,-57.434
-0.897,0.311,-1.208,-51.147,-158.569,-55.603
-0.795,0.344,-1.118,-68.726,-161.255,-53.894
-0.743,0.374,-1.080,-93.872,-163.513,-48.279
-0.663,0.403,-1.039,-100.159,-163.025,-44.189
-0.616,0.399,-1.025,-101.746,-161.255,-39.368
-0.513,0.363,-0.984,-99.731,-155.029,-28.381
-0.464,0.329,-0.966,-100.403,-151.367,-22.278
-0.409,0.302,-0.952,-110.901,-144.409,-8.789
-0.300,0.295,-0.940,-121.704,-141.052,-1.160
-0.246,0.295,-0.930,-148.010,-133.728,16.235
-0.121,0.300,-0.898,-158.691,-129.761,25.330
-0.082,0.306,-0.871,-166.138,-122.192,43.335
-0.042,0.281,-0.848,-162.048,-118.896,51.880
-0.010,0.237,-0.834,-147.034,-111.938,66.589
0.088,0.261,-0.820,-148.010,-107.849,72.937
0.133,0.306,-0.854,-180.054,-96.924,87.402
0.160,0.287,-0.874,-192.566,-89.966,94.788
0.191,0.323,-0.877,-197.754,-75.867,107.849
0.233,0.324,-0.897,-194.763,-69.031,113.953
0.238,0.299,-0.902,-182.617,-57.190,123.535
0.250,0.233,-0.921,-182.007,-52.917,126.892
0.234,0.213,-0.928,-188.660,-49.744,129.517
0.221,0.212,-0.928,-215.149,-45.898,133.850
0.210,0.233,-0.934,-225.464,-44.617,135.986
0.199,0.238,-0.926,-225.037,-42.358,140.076
0.196,0.220,-0.892,-216.980,-41.077,141.785
0.195,0.213,-0.871,-204.895,-38.391,144.653
0.205,0.165,-0.800,-203.125,-36.499,146.057
0.210,0.130,-0.775,-202.942,-31.555,148.254
0.191,0.050,-0.747,-206.970,-28.259,148.987
0.162,0.022,-0.745,-226.562,-20.630,149.719
0.144,0.015,-0.762,-235.229,-16.541,150.208
0.164,0.020,-0.768,-238.159,-12.024,151.245
0.207,0.025,-0.785,-232.117,-2.869,154.968
0.225,0.029,-0.804,-231.812,1.709,157.227
0.250,0.046,-0.818,-240.112,10.437,161.621
0.299,0.097,-0.831,-241.211,14.038,163.330
0.323,0.116,-0.839,-231.079,19.592,165.771
0.406,0.154,-0.849,-224.548,21.912,166.687
0.455,0.167,-0.844,-216.614,26.245,167.541
0.522,0.181,-0.843,-213.501,28.015,166.931
0.536,0.171,-0.842,-209.473,29.114,165.344
0.573,0.154,-0.852,-204.285,29.053,159.546
0.594,0.153,-0.853,-207.092,28.198,155.640
0.620,0.162,-0.858,-220.947,26.917,147.034
0.689,0.196,-0.896,-226.929,26.978,142.700
0.690,0.207,-0.893,-232.422,26.978,134.644
0.668,0.257,-0.865,-233.582,26.001,131.042
0.674,0.298,-0.837,-229.187,23.315,124.817
0.700,0.351,-0.807,-218.750,22.949,121.765
0.685,0.345,-0.796,-194.763,24.292,114.319
0.608,0.344,-0.779,-192.932,24.963,109.924
0.586,0.370,-0.792,-205.627,24.536,101.318
0.597,0.450,-0.764,-210.266,23.926,97.717
0.627,0.483,-0.734,-208.374,23.254,94.421
0.641,0.498,-0.693,-187.744,21.423,88.623
0.817,0.494,-0.593,-178.467,19.775,86.304
0.882,0.490,-0.530,-177.429,14.893,83.252
1.053,0.498,-0.411,-180.298,12.207,81.848
1.156,0.493,-0.357,-168.945,7.507,76.904
1.334,0.480,-0.243,-160.339,5.371,73.181
1.394,0.473,-0.198,-148.743,0.427,65.063
1.495,0.450,-0.120,-143.433,-3.296,61.096

-1.560,0.487,0.860,6.775,-289.246,492.981
-1.854,0.479,0.848,-11.475,-267.517,544.250
-2.585,0.462,0.830,-31.494,-250.977,567.383
-3.051,0.504,0.853,-97.107,-200.134,608.948
-3.925,0.672,0.933,-132.629,-162.415,627.197
-4.000,0.778,0.989,-196.655,-50.842,656.189
-4.000,1.139,1.259,-228.943,25.513,666.992
-3.990,1.390,1.387,-273.926,218.628,674.805
-3.997,1.870,1.335,-284.180,343.445,664.307
-4.000,2.117,1.065,-297.607,492.798,640.625
-4.000,2.340,0.502,-326.050,858.826,549.194
-4.000,2.408,-1.574,-321.411,1062.866,478.271
-4.000,2.118,-2.961,-280.640,1456.665,293.884
-4.000,1.475,-4.000,-266.907,1624.817,188.965
-4.000,1.192,-4.000,-249.939,1845.032,-8.057
-4.000,0.185,-3.962,-320.007,1850.769,-94.849
-4.000,-0.771,-3.973,-783.203,1568.176,-341.370
-4.000,-2.839,-4.000,-990.234,1307.495,-500.244
-4.000,-2.996,-4.000,-862.244,731.995,-661.926
-3.769,-2.235,-3.999,-560.242,496.155,-606.445
-3.432,-1.875,-3.999,97.595,197.388,-343.018
-3.061,-1.627,-4.000,313.965,110.474,-219.543
-2.926,-1.536,-4.000,446.472,44.800,-129.333
-2.394,-1.298,-3.738,519.043,-39.551,-42.969
-2.153,-1.084,-3.297,470.032,-58.472,-30.029
-1.955,-0.912,-2.860,289.612,-49.377,-28.442
-1.489,-0.584,-2.364,207.642,-25.879,-33.081
-1.357,-0.425,-2.179,69.275,15.991,-43.823
-1.178,-0.206,-1.929,18.982,36.987,-51.086
-1.108,-0.174,-1.879,69.458,91.980,-56.885
-0.983,-0.260,-1.950,115.417,114.258,-55.298
-0.923,-0.294,-1.998,109.131,139.404,-53.345
-0.934,-0.276,-2.056,81.543,141.479,-51.880
-0.916,-0.243,-2.074,40.955,124.756,-48.523
-0.788,-0.176,-2.081,30.090,108.398,-46.997
-0.738,-0.167,-2.081,15.442,68.665,-44.006
-0.667,-0.133,-2.010,14.282,48.218,-42.358
-0.642,-0.107,-1.946,18.555,10.742,-35.950
-0.625,-0.095,-1.798,19.043,-5.310,-30.823
-0.610,-0.099,-1.730,14.038,-29.846,-20.386
-0.577,-0.065,-1.603,7.202,-38.513,-15.808
-0.573,-0.023,-1.544,-1.465,-51.086,-7.996
-0.577,0.062,-1.473,4.822,-56.213,-4.639
-0.604,0.084,-1.447,15.747,-61.279,-1.648
-0.649,0.102,-1.434,27.588,-71.899,2.869
-0.638,0.110,-1.451,25.208,-77.393,4.517
-0.644,0.128,-1.463,9.888,-89.294,6.653
-0.727,0.216,-1.454,0.732,-96.313,6.836
-0.771,0.269,-1.441,-6.714,-112.915,6.165
-0.800,0.342,-1.424,-2.747,-121.460,5.432
-0.810,0.360,-1.421,6.470,-136.047,2.930
-0.862,0.393,-1.415,8.423,-141.602,1.160
-0.890,0.400,-1.406,9.338,-150.940,-2.625
-0.926,0.437,-1.365,4.211,-155.640,-4.150
-0.945,0.458,-1.341,-14.526,-164.978,-6.042
-0.962,0.462,-1.256,-19.165,-168.762,-7.202
-0.924,0.454,-1.201,-23.254,-172.974,-11.230
-0.825,0.431,-1.093,-30.518,-172.974,-13.550
-0.780,0.425,-1.051,-42.053,-171.448,-15.503
-0.660,0.408,-0.971,-64.270,-163.818,-18.250
-0.605,0.387,-0.937,-71.106,-158.447,-19.165
-0.561,0.357,-0.911,-89.111,-147.034,-19.592
-0.487,0.314,-0.885,-104.492,-141.968,-18.372
-0.435,0.306,-0.893,-138.184,-133.850,-11.475
-0.336,0.265,-0.906,-151.733,-130.371,-5.676
-0.297,0.238,-0.913,-176.392,-124.207,9.338
-0.215,0.228,-0.921,-190.002,-121.155,18.250
-0.182,0.228,-0.902,-206.177,-114.990,37.292
-0.123,0.251,-0.878,-204.285,-111.694,46.814
-0.072,0.258,-0.875,-188.721,-103.027,66.467
0.061,0.289,-0.908,-181.213,-97.046,76.965
0.110,0.290,-0.918,-173.340,-83.252,98.633
0.114,0.237,-0.904,-172.546,-76.721,108.337
0.156,0.270,-0.921,-175.415,-70.618,116.882
0.195,0.259,-0.939,-177.490,-58.472,130.920
0.196,0.260,-0.932,-175.720,-52.612,136.047
0.202,0.263,-0.952,-179.260,-42.542,142.944
0.217,0.262,-0.994,-180.298,-38.208,144.958
0.220,0.258,-1.006,-190.674,-31.006,145.996
0.242,0.279,-1.025,-204.895,-28.259,145.264
0.253,0.288,-1.022,-227.844,-23.071,141.602
0.308,0.303,-1.013,-230.591,-20.508,139.038
0.336,0.290,-1.001,-233.032,-15.076,134.033
0.386,0.261,-0.977,-238.586,-12.085,132.019
0.413,0.245,-0.965,-250.793,-5.432,128.540
0.453,0.212,-0.952,-253.845,-2.014,126.953
0.468,0.196,-0.924,-254.456,1.099,125.366
0.542,0.170,-0.895,-250.671,5.859,123.413
0.568,0.158,-0.881,-249.451,8.057,122.925
0.576,0.146,-0.867,-250.854,12.817,122.314
0.565,0.128,-0.852,-249.756,15.076,121.704
0.559,0.125,-0.849,-241.394,17.639,120.178
0.555,0.119,-0.844,-237.793,18.127,119.690
0.563,0.125,-0.823,-231.812,19.043,119.751
0.586,0.128,-0.787,-226.440,19.897,119.385
0.593,0.121,-0.766,-211.121,22.461,116.760
0.595,0.099,-0.745,-206.055,23.621,114.319
0.598,0.094,-0.742,-205.811,24.536,111.511
0.595,0.096,-0.731,-213.684,25.635,105.530
0.600,0.102,-0.716,-215.759,25.879,102.417
0.619,0.099,-0.713,-214.050,26.428,95.398
0.658,0.095,-0.698,-213.501,26.794,91.797
0.670,0.090,-0.682,-215.149,26.489,86.060
0.672,0.064,-0.639,-214.783,25.391,84.290
0.674,0.045,-0.632,-205.139,21.606,83.618
0.726,0.010,-0.614,-198.486,19.836,84.717
0.777,-0.002,-0.619,-197.510,18.738,88.562
0.827,0.024,-0.597,-202.393,19.165,90.759
0.849,0.058,-0.585,-205.811,19.897,92.712
0.892,0.083,-0.574,-197.693,20.569,95.581
0.976,0.116,-0.530,-187.805,20.203,96.375
1.007,0.130,-0.504,-173.828,18.433,96.619
1.047,0.178,-0.433,-170.288,17.090,95.703
1.045,0.212,-0.368,-169.678,12.268,91.492
1.083,0.299,-0.250,-170.654,8.484,88.196
1.128,0.329,-0.210,-156.311,0.427,80.017
1.197,0.360,-0.107,-145.325,-3.113,75.745
1.220,0.360,-0.057,-136.597,-10.986,66.895
1.253,0.359,0.039,-137.329,-15.137,62.439

-1.622,0.283,0.880,-75.623,-294.373,462.830
-1.872,0.305,0.863,-93.811,-257.812,513.855
-2.563,0.256,0.871,-90.210,-235.779,536.194
-2.912,0.388,0.738,-111.023,-175.964,581.177
-3.591,0.406,0.649,-161.377,-134.583,604.858
-3.943,0.429,0.648,-250.427,-27.283,646.851
-4.000,0.927,0.720,-274.841,35.950,664.734
-4.000,1.272,0.761,-294.800,176.086,701.721
-3.990,1.824,0.879,-275.513,254.517,717.407
-3.997,1.940,0.941,-251.160,339.233,726.440
-4.000,2.006,0.870,-281.555,555.664,705.810
-4.000,2.169,-0.108,-336.304,705.688,663.513
-4.000,2.208,-1.147,-415.832,1091.431,493.591
-4.000,2.015,-3.786,-421.509,1305.420,370.056
-4.000,1.738,-4.000,-387.451,1694.397,91.980
-4.000,1.451,-4.000,-364.868,1835.937,-32.837
-4.000,1.414,-3.966,-493.835,1856.018,-232.666
-4.000,-0.201,-3.990,-659.790,1685.181,-339.722
-4.000,-1.095,-4.000,-669.861,1118.591,-519.043
-4.000,-1.639,-4.000,-425.171,844.238,-518.372
-3.911,-1.424,-4.000,157.532,471.008,-348.450
-3.200,-0.992,-4.000,318.176,354.126,-245.422
-2.925,-0.863,-4.000,360.413,262.878,-162.842
-2.856,-0.732,-3.995,240.967,134.949,-80.200
-2.830,-0.387,-3.623,148.254,95.825,-67.627
-2.756,-0.203,-3.287,46.387,57.068,-61.584
-2.383,-0.122,-2.905,62.744,55.420,-61.951
-1.985,-0.160,-2.871,118.225,86.304,-67.749
-1.294,-0.159,-2.763,102.844,112.976,-72.266
-1.211,-0.136,-2.701,44.495,164.795,-88.013
-1.416,0.006,-2.466,19.104,170.715,-88.440
-1.466,0.060,-2.418,-6.958,147.278,-85.693
-1.381,-0.107,-2.336,-15.747,127.197,-90.881
-1.243,-0.207,-2.299,-18.860,93.506,-90.698
-1.047,-0.307,-2.252,5.005,74.463,-80.261
-0.941,-0.299,-2.222,15.686,53.833,-70.618
-0.851,-0.253,-2.098,-2.930,18.066,-57.373
-0.844,-0.207,-2.026,-14.282,3.418,-51.086
-0.839,-0.147,-1.960,-10.315,-23.132,-38.574
-0.831,-0.049,-1.851,3.113,-35.278,-32.593
-0.808,-0.031,-1.798,32.959,-56.824,-24.170
-0.719,-0.040,-1.724,43.945,-66.162,-22.034
-0.697,-0.055,-1.693,45.105,-81.848,-20.996
-0.688,-0.058,-1.652,32.349,-88.013,-22.278
-0.705,-0.036,-1.622,-12.268,-98.877,-27.344
-0.816,0.073,-1.547,-33.020,-104.858,-30.396
-0.871,0.136,-1.515,-43.945,-120.056,-36.377
-0.972,0.214,-1.475,-35.217,-128.784,-39.063
-1.017,0.232,-1.458,-17.700,-145.752,-44.006
-1.071,0.264,-1.417,-15.747,-153.320,-46.265
-1.085,0.285,-1.404,-18.433,-166.321,-50.476
-1.094,0.315,-1.390,-18.127,-171.692,-52.368
-1.098,0.319,-1.384,-15.137,-180.115,-55.481
-1.087,0.309,-1.340,-16.174,-183.411,-56.641
-1.058,0.305,-1.309,-26.917,-188.416,-57.129
-0.979,0.286,-1.251,-35.156,-189.880,-56.580
-0.947,0.273,-1.208,-52.979,-190.369,-54.260
-0.837,0.255,-1.123,-60.547,-189.392,-52.856
-0.760,0.251,-1.087,-65.369,-187.256,-51.270
-0.628,0.225,-1.032,-72.266,-179.565,-46.631
-0.563,0.214,-1.007,-80.139,-174.011,-43.335
-0.495,0.203,-0.976,-109.192,-160.889,-34.546
-0.381,0.184,-0.926,-124.207,-154.358,-29.358
-0.337,0.178,-0.907,-146.545,-142.212,-17.700
-0.246,0.178,-0.889,-157.654,-136.108,-10.925
-0.170,0.185,-0.879,-186.035,-122.864,5.371
-0.040,0.212,-0.839,-202.881,-115.845,14.954
-0.004,0.225,-0.817,-231.995,-100.952,35.461
0.104,0.261,-0.800,-239.258,-93.018,45.715
0.165,0.271,-0.799,-239.746,-76.050,65.979
0.238,0.270,-0.796,-236.572,-67.444,75.745
0.257,0.267,-0.797,-229.675,-51.819,93.750
0.256,0.227,-0.801,-227.417,-45.349,101.562
0.239,0.205,-0.805,-226.685,-39.795,108.093
0.250,0.200,-0.814,-229.553,-30.579,117.676
0.267,0.201,-0.804,-232.239,-26.611,121.460
0.294,0.202,-0.805,-235.474,-19.287,127.869
0.365,0.213,-0.817,-236.572,-15.442,130.737
0.387,0.220,-0.824,-244.141,-6.714,136.292
0.398,0.218,-0.833,-250.061,-1.770,138.672
0.410,0.218,-0.842,-256.714,8.423,141.968
0.422,0.215,-0.839,-256.409,13.000,142.883
0.420,0.205,-0.842,-249.329,20.386,143.677
0.438,0.166,-0.850,-242.798,23.254,143.555
0.451,0.138,-0.851,-236.572,27.710,141.663
0.460,0.089,-0.853,-242.920,29.297,139.648
0.467,0.076,-0.852,-254.456,30.640,136.902
0.482,0.072,-0.853,-274.353,33.264,129.333
0.534,0.093,-0.866,-276.001,34.973,125.183
0.574,0.093,-0.884,-266.296,38.818,118.408
0.626,0.081,-0.916,-264.282,41.016,115.906
0.640,0.087,-0.918,-278.076,45.593,112.305
0.688,0.147,-0.932,-283.447,47.791,111.023
0.709,0.172,-0.930,-270.020,51.697,109.253
0.709,0.197,-0.917,-257.202,52.795,108.765
0.703,0.202,-0.904,-246.338,52.979,108.337
0.700,0.213,-0.877,-230.041,51.331,106.812
0.717,0.223,-0.862,-222.595,50.293,105.408
0.729,0.234,-0.846,-213.806,49.561,100.952
0.718,0.261,-0.819,-211.304,49.805,98.022
0.719,0.282,-0.798,-204.895,50.659,91.614
0.785,0.343,-0.732,-203.186,51.331,88.745
0.848,0.376,-0.686,-202.881,55.664,83.923
1.002,0.442,-0.585,-199.890,60.059,81.482
1.064,0.462,-0.529,-190.674,71.411,75.745
1.102,0.489,-0.431,-192.200,76.660,72.693
1.115,0.507,-0.400,-199.768,80.933,69.580
1.137,0.523,-0.373,-215.759,85.937,63.171
1.232,0.535,-0.340,-216.187,87.097,59.509
1.281,0.530,-0.328,-210.999,86.060,52.063
1.306,0.522,-0.279,-210.754,83.191,48.645
1.315,0.532,-0.267,-198.975,71.228,42.542
1.358,0.508,-0.235,-181.030,62.988,39.917
1.379,0.462,-0.198,-140.869,45.105,35.522
1.407,0.351,-0.115,-128.052,36.438,33.386
1.405,0.317,-0.064,-115.479,20.081,29.663
1.384,0.275,0.030,-110.352,12.573,27.466
1.358,0.247,0.072,-102.661,6.104,24.963
1.326,0.218,0.103,-80.566,-3.113,18.921

-1.907,0.157,0.929,-6.470,-375.671,453.186
-2.141,0.170,0.979,-27.344,-349.304,488.708
-2.544,0.127,1.046,-30.212,-330.200,503.784
-2.757,0.104,1.058,-69.336,-278.625,531.189
-3.297,0.164,1.064,-107.483,-244.812,545.959
-3.613,0.264,1.044,-202.332,-171.082,577.515
-4.000,0.567,0.917,-237.793,-130.127,594.788
-4.000,0.739,0.863,-280.273,-36.804,628.418
-3.995,1.137,0.926,-298.828,16.174,644.531
-3.992,1.402,1.007,-319.092,73.425,660.950
-3.997,1.639,1.167,-325.745,222.839,682.495
-4.000,1.785,1.544,-313.782,326.721,677.734
-4.000,1.866,1.444,-340.027,619.690,620.605
-4.000,2.203,0.155,-360.107,816.040,563.477
-4.000,2.282,-1.148,-327.820,1260.254,409.790
-4.000,2.369,-4.000,-290.833,1468.872,330.139
-4.000,2.294,-4.000,-188.110,1758.667,213.440
-4.000,1.400,-4.000,-195.740,1797.241,175.049
-4.000,0.496,-3.954,-620.422,1605.835,-7.812
-4.000,-1.161,-3.995,-922.424,1396.362,-192.383
-4.000,-1.170,-4.000,-1073.975,1141.052,-387.390
-3.578,-0.882,-4.000,-772.827,640.137,-560.242
-3.061,-0.978,-3.999,-486.084,458.679,-516.907
-2.732,-1.168,-3.999,2.625,244.202,-341.248
-2.467,-1.415,-4.000,178.711,180.115,-258.728
-2.290,-1.443,-3.981,384.216,81.726,-140.869
-1.816,-1.306,-3.664,403.870,44.250,-103.210
-1.650,-1.148,-3.344,314.148,-3.052,-54.749
-1.527,-0.687,-2.684,234.253,-15.564,-38.452
-1.431,-0.506,-2.533,110.657,-16.174,-17.883
-1.263,-0.286,-2.205,99.670,-6.897,-19.409
-1.225,-0.228,-2.077,131.592,4.639,-13.489
-1.106,-0.206,-1.971,132.324,2.930,-9.705
-0.983,-0.212,-1.955,119.751,14.465,-14.832
-0.786,-0.222,-1.887,111.816,28.564,-12.573
-0.794,-0.242,-1.868,66.711,58.350,-10.376
-0.761,-0.278,-1.895,44.800,68.420,-16.174
-0.686,-0.286,-1.901,38.086,73.303,-24.170
-0.661,-0.284,-1.891,33.752,69.885,-33.630
-0.699,-0.282,-1.884,29.419,62.622,-36.133
-0.671,-0.291,-1.886,17.761,40.771,-38.147
-0.575,-0.288,-1.842,8.667,28.198,-37.354
-0.568,-0.281,-1.799,-8.484,1.953,-33.325
-0.577,-0.236,-1.683,-10.742,-10.925,-30.396
-0.573,-0.218,-1.623,-5.615,-35.095,-23.132
-0.571,-0.173,-1.500,-3.296,-45.898,-19.104
-0.581,-0.144,-1.443,3.052,-63.721,-11.536
-0.599,-0.086,-1.340,9.094,-70.496,-8.545
-0.610,-0.056,-1.299,18.005,-80.261,-4.272
-0.668,0.020,-1.248,18.982,-83.435,-2.930
-0.719,0.062,-1.234,19.226,-87.830,-1.648
-0.798,0.141,-1.213,19.043,-89.783,-1.587
-0.823,0.169,-1.210,15.320,-94.788,-3.418
-0.852,0.221,-1.234,10.010,-97.778,-5.554
-0.882,0.240,-1.255,2.686,-100.647,-8.484
-0.925,0.254,-1.255,-8.545,-106.262,-16.418
-0.964,0.291,-1.219,-10.559,-109.009,-20.874
-0.934,0.301,-1.202,-15.930,-113.708,-28.320
-0.875,0.290,-1.148,-19.653,-115.601,-30.762
-0.844,0.279,-1.125,-28.809,-119.202,-33.691
-0.764,0.234,-1.100,-37.598,-120.666,-34.302
-0.724,0.216,-1.088,-66.284,-122.131,-33.386
-0.615,0.215,-1.070,-82.764,-121.704,-31.555
-0.524,0.211,-1.068,-106.812,-118.591,-24.780
-0.390,0.191,-1.049,-112.671,-116.516,-19.897
-0.337,0.174,-1.047,-121.460,-113.342,-7.324
-0.211,0.154,-1.077,-128.540,-112.183,0.366
-0.147,0.159,-1.081,-145.630,-109.619,19.165
-0.019,0.168,-1.090,-149.841,-108.032,30.212
0.035,0.167,-1.095,-149.353,-106.018,41.870
0.078,0.159,-1.097,-146.667,-100.220,65.979
0.143,0.152,-1.079,-151.733,-96.436,77.759
0.156,0.172,-1.065,-173.096,-87.158,99.854
0.265,0.074,-0.978,-180.725,-81.360,109.924
0.231,-0.181,-0.906,-227.295,-59.814,142.822
0.114,0.269,-1.039,-221.497,-47.241,159.424
0.193,0.482,-1.125,-131.470,-34.790,171.265
0.223,0.388,-1.113,-122.498,-32.349,174.622
0.224,0.339,-1.114,-171.875,-26.550,180.908
0.228,0.399,-1.114,-202.270,-22.461,182.068
0.248,0.450,-1.098,-228.638,-18.005,181.885
0.314,0.542,-1.114,-253.174,-7.874,180.054
0.347,0.570,-1.105,-249.451,-2.075,179.016
0.376,0.574,-1.101,-231.628,9.766,176.453
0.425,0.541,-1.096,-226.685,14.771,174.683
0.439,0.518,-1.099,-234.314,21.790,170.471
0.450,0.443,-1.105,-244.934,24.231,168.030
0.454,0.404,-1.107,-274.536,27.832,161.865
0.434,0.334,-1.087,-293.091,28.931,157.837
0.432,0.319,-1.093,-320.190,30.334,148.254
0.460,0.308,-1.092,-322.021,30.884,143.555
0.478,0.293,-1.079,-316.956,31.372,139.526
0.503,0.268,-1.071,-301.208,31.860,134.399
0.579,0.223,-1.061,-300.232,32.410,133.179
0.611,0.213,-1.046,-320.862,35.034,132.202
0.620,0.227,-0.999,-332.947,36.682,131.958
0.631,0.253,-0.972,-326.294,39.124,132.202
0.692,0.290,-0.908,-306.152,39.551,133.545
0.716,0.294,-0.870,-265.381,39.063,139.587
0.728,0.304,-0.737,-255.371,37.903,143.738
0.735,0.322,-0.665,-249.939,36.316,147.766
0.787,0.379,-0.536,-228.760,33.325,154.114
0.827,0.395,-0.484,-210.266,32.715,156.311
0.866,0.402,-0.443,-179.749,33.081,157.898
0.917,0.414,-0.353,-175.598,33.752,156.921
0.944,0.422,-0.312,-180.786,35.400,150.024
1.029,0.456,-0.251,-180.847,36.743,143.860
1.076,0.476,-0.229,-174.011,40.466,127.808
1.135,0.507,-0.205,-172.241,41.931,118.530
1.133,0.508,-0.201,-171.936,42.297,108.704
1.148,0.511,-0.221,-167.908,38.818,87.463
1.167,0.511,-0.212,-164.612,35.461,76.599
1.185,0.507,-0.199,-160.828,27.710,55.908
1.209,0.487,-0.181,-158.508,23.804,46.448
1.206,0.467,-0.159,-147.400,16.296,29.968
1.220,0.407,-0.119,-137.085,13.245,23.437
1.230,0.372,-0.097,-112.610,7.935,14.099
1.226,0.297,-0.059,-103.394,4.456,10.559
1.220,0.265,-0.037,-90.332,-4.028,5.249

-1.226,-0.261,1.305,-46.753,-196.838,445.007
-1.516,-0.248,1.261,-68.481,-143.188,513.184
-2.217,-0.213,1.101,-78.186,-115.356,544.922
-2.694,-0.195,0.982,-97.961,-54.016,598.999
-3.822,-0.148,0.708,-110.168,-19.226,620.239
-4.000,-0.049,0.641,-156.738,57.556,648.682
-4.000,0.578,0.959,-199.585,105.041,656.494
-3.990,1.216,1.307,-242.004,167.969,662.109
-3.994,2.760,1.588,-239.197,370.361,677.307
-4.000,3.171,1.297,-168.640,522.583,685.913
-4.000,3.107,0.680,-50.293,929.077,682.251
-4.000,2.268,-1.854,-86.731,1166.199,652.283
-4.000,2.049,-3.411,-220.581,1615.845,496.826
-4.000,1.971,-4.000,-247.192,1778.992,387.695
-4.000,1.730,-4.000,-435.425,1854.675,139.282
-4.000,0.595,-3.955,-661.560,1736.084,-24.597
-4.000,-0.354,-3.981,-968.933,1269.531,-388.061
-4.000,-1.297,-4.000,-858.337,1003.296,-497.375
-4.000,-1.194,-4.000,-612.000,767.090,-517.761
-3.923,-0.804,-3.999,-76.721,430.786,-363.037
-3.758,-0.633,-4.000,120.911,319.824,-258.667
-3.566,-0.482,-4.000,340.759,166.687,-109.924
-3.098,-0.352,-3.990,369.690,114.746,-79.407
-2.804,-0.344,-3.844,329.529,60.181,-72.693
-2.188,-0.288,-3.141,264.587,58.289,-79.712
-1.950,-0.227,-2.783,65.857,76.538,-97.595
-1.756,-0.052,-2.292,-22.278,86.243,-103.455
-1.734,-0.073,-2.182,-126.404,98.206,-132.141
-1.614,-0.071,-2.008,-84.778,110.291,-138.000
-1.572,-0.102,-1.955,16.296,122.559,-120.300
-1.383,-0.151,-1.852,25.574,121.155,-111.755
-1.284,-0.213,-1.847,26.855,116.577,-103.271
-1.180,-0.297,-1.849,31.555,100.891,-81.543
-1.177,-0.276,-1.809,28.992,89.722,-71.655
-1.184,-0.224,-1.747,29.114,60.120,-57.678
-1.178,-0.104,-1.596,46.021,42.358,-49.194
-1.152,-0.113,-1.543,97.534,7.507,-34.119
-1.066,-0.308,-1.424,113.098,-7.019,-30.090
-1.024,-0.412,-1.352,98.938,-27.039,-29.602
-0.965,-0.463,-1.192,71.655,-32.532,-31.189
-0.963,-0.420,-1.104,5.432,-37.537,-32.288
-0.932,-0.272,-0.949,-18.860,-38.025,-30.884
-0.923,-0.199,-0.888,-34.302,-36.621,-24.048
-0.970,-0.090,-0.764,-26.428,-35.339,-19.043
-0.999,-0.077,-0.697,11.169,-33.875,-7.568
-0.996,-0.121,-0.605,33.325,-34.058,-1.587
-0.973,-0.147,-0.592,51.392,-34.546,4.578
-0.929,-0.150,-0.613,60.730,-34.485,17.029
-0.906,-0.114,-0.638,53.040,-33.997,23.254
-0.900,-0.056,-0.676,30.823,-33.569,35.217
-0.953,0.090,-0.763,21.729,-34.546,40.527
-0.978,0.166,-0.807,17.090,-40.283,49.316
-0.981,0.271,-0.918,23.621,-45.044,52.429
-0.979,0.295,-0.966,46.021,-57.739,55.725
-1.021,0.315,-1.055,52.124,-65.796,55.847
-1.092,0.327,-1.085,34.729,-85.999,53.284
-1.182,0.408,-1.137,16.174,-97.717,51.025
-1.141,0.455,-1.172,-7.507,-120.789,45.593
-1.053,0.512,-1.245,-6.470,-130.676,42.419
-1.053,0.518,-1.274,1.038,-139.282,38.879
-1.058,0.494,-1.298,22.583,-153.015,30.762
-1.038,0.390,-1.315,26.855,-158.447,26.184
-1.017,0.351,-1.317,-5.615,-166.687,18.127
-0.970,0.362,-1.320,-41.870,-169.250,16.296
-0.959,0.400,-1.319,-118.774,-172.546,18.860
-0.984,0.483,-1.314,-143.738,-173.828,22.888
-0.974,0.514,-1.307,-153.564,-176.453,34.790
-0.921,0.541,-1.327,-144.714,-177.185,42.358
-0.895,0.531,-1.344,-122.803,-177.185,60.425
-0.850,0.476,-1.390,-115.356,-176.819,70.496
-0.828,0.444,-1.403,-113.647,-177.124,91.431
-0.815,0.419,-1.398,-123.413,-178.101,101.807
-0.815,0.446,-1.399,-158.875,-179.749,122.559
-0.781,0.538,-1.378,-169.800,-179.749,132.690
-0.752,0.569,-1.358,-167.847,-179.260,142.273
-0.705,0.562,-1.312,-140.991,-178.101,157.471
-0.674,0.552,-1.294,-132.385,-177.429,162.964
-0.633,0.553,-1.275,-148.499,-174.194,170.410
-0.573,0.581,-1.237,-169.373,-170.898,172.852
-0.550,0.614,-1.218,-210.937,-161.804,176.270
-0.506,0.673,-1.181,-222.717,-156.494,177.368
-0.479,0.691,-1.154,-221.191,-146.240,177.856
-0.409,0.667,-1.101,-215.820,-141.296,176.941
-0.367,0.659,-1.078,-231.018,-130.371,173.950
-0.273,0.690,-1.023,-249.878,-123.840,172.668
-0.224,0.710,-0.979,-268.921,-109.863,170.715
-0.123,0.712,-0.888,-264.587,-102.905,169.312
-0.065,0.694,-0.844,-258.240,-95.947,167.358
-0.015,0.675,-0.795,-256.897,-81.604,161.377
0.083,0.640,-0.707,-260.681,-74.158,157.288
0.135,0.619,-0.658,-265.076,-60.486,147.949
0.260,0.560,-0.559,-264.404,-54.382,143.005
0.335,0.524,-0.520,-262.573,-41.748,132.690
0.470,0.500,-0.500,-265.137,-34.302,127.380
0.527,0.509,-0.501,-275.024,-17.395,117.859
0.580,0.519,-0.493,-278.748,-9.583,113.953
0.604,0.520,-0.490,-272.339,1.587,107.910
0.669,0.520,-0.457,-260.498,4.761,105.835
0.716,0.508,-0.443,-246.704,6.897,104.309
0.765,0.486,-0.433,-221.680,9.583,101.257
0.818,0.399,-0.417,-211.121,10.193,98.328
0.839,0.363,-0.417,-199.646,9.460,89.355
0.882,0.329,-0.416,-196.716,8.362,83.984
0.907,0.319,-0.414,-185.974,6.226,73.730
0.933,0.286,-0.415,-180.420,5.249,68.909
0.934,0.270,-0.417,-174.988,2.869,59.082
0.937,0.246,-0.423,-173.706,1.160,54.016
0.933,0.248,-0.417,-172.363,-0.916,49.255
0.932,0.258,-0.405,-170.410,-5.127,41.809
0.943,0.279,-0.373,-168.945,-6.775,39.368
0.944,0.285,-0.349,-159.851,-8.606,35.339
0.924,0.277,-0.293,-152.161,-8.545,33.569
0.899,0.261,-0.261,-139.893,-7.385,30.884
0.819,0.219,-0.193,-140.137,-8.240,29.663
0.776,0.210,-0.159,-142.456,-13.611,28.076
0.695,0.202,-0.067,-143.555,-17.334,28.320
0.694,0.210,-0.019,-146.423,-25.391,31.067
0.782,0.228,0.099,-141.418,-29.236,32.898
0.826,0.218,0.166,-130.249,-32.898,34.363

-1.821,0.356,0.540,-49.377,-305.969,459.534
-2.041,0.324,0.509,-57.373,-291.626,497.498
-2.449,0.294,0.431,-76.111,-281.372,514.343
-2.663,0.304,0.389,-139.099,-247.559,547.852
-3.225,0.398,0.366,-177.490,-223.145,565.002
-3.603,0.498,0.379,-250.671,-159.912,599.792
-4.000,0.656,0.458,-271.606,-122.192,615.295
-4.000,0.728,0.580,-280.273,-83.435,626.709
-4.000,0.798,0.796,-289.551,1.160,636.292
-3.991,1.006,1.389,-311.951,58.960,634.277
-3.997,1.134,1.662,-391.479,256.592,603.760
-4.000,1.626,1.682,-427.734,410.217,569.275
-4.000,1.905,1.202,-419.250,827.209,453.064
-4.000,2.178,-0.979,-380.981,1066.345,380.310
-4.000,2.228,-2.538,-280.151,1512.268,247.070
-4.000,2.493,-4.000,-184.631,1684.326,211.670
-4.000,2.523,-4.000,-31.555,1846.619,245.056
-4.000,1.539,-3.961,-140.381,1803.528,259.705
-4.000,0.777,-3.965,-394.592,1679.382,204.285
-4.000,-0.100,-3.991,-888.306,1287.109,-138.245
-3.997,-1.168,-4.000,-971.313,1064.148,-330.749
-3.876,-1.241,-4.000,-794.128,628.662,-527.771
-2.790,-1.142,-3.999,-579.102,442.871,-510.620
-2.390,-1.023,-4.000,-233.582,178.223,-356.262
-2.670,-0.627,-3.757,-77.209,95.032,-274.658
-2.780,-0.665,-3.503,313.171,0.061,-162.109
-2.666,-0.949,-3.073,458.740,-23.499,-134.521
-2.512,-1.040,-2.876,469.482,-45.715,-114.746
-2.144,-1.015,-2.450,387.329,-42.114,-109.070
-1.933,-0.919,-2.293,174.194,-16.418,-96.985
-1.650,-0.572,-1.996,92.285,0.427,-89.966
-1.613,-0.443,-1.877,38.818,14.160,-84.106
-1.429,-0.318,-1.761,36.255,41.077,-72.632
-1.370,-0.332,-1.776,80.261,57.068,-66.772
-1.338,-0.370,-1.787,154.968,82.153,-57.800
-1.250,-0.466,-1.778,161.987,89.905,-54.077
-1.185,-0.496,-1.798,122.192,95.764,-48.340
-1.045,-0.500,-1.860,87.585,95.032,-47.241
-1.008,-0.459,-1.854,27.771,86.243,-47.791
-0.995,-0.349,-1.785,12.634,77.209,-47.913
-0.965,-0.312,-1.745,14.771,51.147,-44.861
-0.875,-0.303,-1.656,25.757,36.072,-41.687
-0.833,-0.315,-1.601,43.274,7.263,-33.691
-0.756,-0.333,-1.509,44.006,-5.432,-29.724
-0.745,-0.320,-1.461,32.349,-26.306,-21.790
-0.747,-0.243,-1.333,25.391,-34.607,-17.334
-0.740,-0.200,-1.270,21.118,-41.992,-12.329
-0.739,-0.136,-1.176,21.790,-54.993,-1.099
-0.754,-0.105,-1.139,24.292,-60.730,4.639
-0.777,-0.068,-1.107,34.119,-70.679,15.198
-0.811,0.006,-1.035,44.983,-75.012,19.653
-0.807,0.020,-1.008,66.223,-82.031,25.452
-0.815,0.028,-0.982,63.049,-84.656,26.367
-0.846,0.049,-0.968,67.383,-89.233,32.227
-0.829,0.082,-0.948,72.815,-91.003,35.400
-0.806,0.103,-0.955,72.693,-92.773,37.109
-0.859,0.146,-0.975,69.336,-92.957,36.499
-0.898,0.167,-0.984,60.730,-93.445,33.569
-0.932,0.216,-1.005,55.664,-94.482,31.555
-0.961,0.242,-1.008,50.598,-96.069,29.541
-0.979,0.266,-1.008,47.363,-100.708,26.245
-0.924,0.305,-1.028,49.561,-103.821,25.269
-0.917,0.313,-1.031,52.185,-111.023,24.231
-0.930,0.290,-1.044,49.561,-114.868,23.437
-0.897,0.279,-1.052,30.457,-121.643,20.508
-0.819,0.280,-1.060,13.245,-123.901,18.555
-0.780,0.292,-1.068,-23.621,-125.793,15.198
-0.686,0.324,-1.097,-37.537,-125.427,14.221
-0.658,0.337,-1.105,-60.730,-124.329,14.526
-0.652,0.359,-1.131,-71.899,-124.390,16.113
-0.624,0.369,-1.152,-80.444,-125.000,18.433
-0.567,0.379,-1.172,-89.111,-127.747,25.635
-0.545,0.381,-1.191,-93.933,-130.005,30.701
-0.517,0.377,-1.218,-106.140,-135.742,43.518
-0.484,0.362,-1.283,-111.084,-139.160,50.476
-0.467,0.364,-1.322,-123.535,-146.851,65.430
-0.459,0.395,-1.399,-131.836,-151.245,73.792
-0.462,0.428,-1.432,-143.494,-161.743,92.773
-0.445,0.515,-1.450,-142.334,-167.480,103.027
-0.419,0.537,-1.443,-123.657,-177.673,121.643
-0.364,0.564,-1.382,-113.770,-181.091,128.479
-0.340,0.580,-1.331,-113.831,-183.533,136.963
-0.300,0.629,-1.245,-120.605,-182.678,139.404
-0.273,0.657,-1.207,-127.563,-180.298,140.747
-0.207,0.692,-1.130,-142.395,-171.631,140.015
-0.170,0.719,-1.106,-154.480,-165.405,138.062
-0.124,0.752,-1.082,-190.613,-150.146,133.423
-0.065,0.811,-1.028,-208.374,-141.663,131.470
-0.022,0.826,-1.014,-228.516,-124.146,127.502
0.064,0.806,-0.986,-231.812,-115.234,125.122
0.093,0.781,-0.970,-242.981,-98.328,119.629
0.152,0.769,-0.962,-254.211,-90.393,117.310
0.187,0.778,-0.961,-269.104,-75.928,114.258
0.214,0.745,-0.945,-269.226,-69.580,112.976
0.224,0.704,-0.923,-273.315,-58.960,109.375
0.268,0.621,-0.894,-279.175,-54.138,107.056
0.306,0.596,-0.883,-283.936,-48.889,104.736
0.362,0.574,-0.874,-283.997,-36.377,101.196
0.422,0.485,-0.833,-280.701,-29.602,99.915
0.430,0.422,-0.824,-280.090,-16.968,97.229
0.458,0.331,-0.836,-287.476,-10.925,95.825
0.463,0.311,-0.836,-305.176,1.282,93.567
0.495,0.313,-0.841,-304.199,7.141,93.262
0.516,0.304,-0.840,-286.499,18.066,94.788
0.554,0.294,-0.815,-282.959,23.376,96.619
0.589,0.320,-0.814,-285.889,28.992,98.816
0.646,0.414,-0.794,-292.542,40.955,103.088
0.646,0.450,-0.764,-289.124,46.021,104.309
0.635,0.477,-0.738,-278.381,50.049,103.821
0.626,0.523,-0.674,-276.855,49.255,101.868
0.641,0.562,-0.653,-272.766,46.082,94.971
0.687,0.630,-0.570,-266.418,45.288,90.271
0.727,0.638,-0.514,-255.554,46.143,78.796
0.862,0.606,-0.403,-253.418,47.241,72.205
0.925,0.581,-0.326,-251.282,48.462,65.674
1.061,0.542,-0.208,-239.990,50.903,56.274
1.125,0.527,-0.168,-230.591,52.429,54.565
1.165,0.503,-0.134,-208.618,55.054,56.213
1.194,0.458,-0.090,-198.120,54.993,58.472

-1.740,0.629,0.693,16.357,-349.182,421.326
-2.038,0.667,0.666,-35.339,-336.426,468.811
-2.554,0.734,0.609,-55.969,-325.561,496.033
-2.793,0.739,0.583,-86.670,-291.748,551.575
-3.322,0.729,0.598,-108.582,-268.799,579.224
-3.648,0.781,0.635,-170.593,-210.571,632.385
-4.000,0.949,0.790,-195.251,-172.668,655.090
-4.000,0.945,0.905,-210.510,-129.639,673.157
-4.000,0.886,1.085,-260.437,-14.404,684.082
-3.992,0.999,1.522,-324.951,75.623,674.133
-3.997,1.292,1.691,-476.562,355.408,620.605
-4.000,2.240,1.338,-490.234,544.556,571.045
-4.000,2.547,0.610,-401.611,988.525,434.143
-4.000,2.695,-1.774,-373.291,1220.215,356.079
-4.000,2.899,-3.167,-283.630,1638.916,209.961
-4.000,3.009,-4.000,-150.879,1808.777,175.415
-4.000,2.573,-4.000,-57.129,1998.962,209.656
-4.000,0.867,-3.960,-339.844,1964.783,175.049
-4.000,-0.662,-3.977,-804.626,1826.050,7.263
-4.000,-2.032,-3.998,-1211.182,1255.188,-563.354
-3.899,-2.041,-4.000,-984.070,899.109,-725.708
-3.383,-1.681,-4.000,-271.179,367.371,-612.732
-2.167,-1.122,-3.999,76.599,234.680,-453.796
-2.069,-1.146,-3.972,414.307,98.267,-194.214
-2.562,-1.072,-3.596,403.381,41.321,-122.009
-2.724,-0.891,-3.286,277.954,-54.993,-67.505
-2.573,-0.440,-2.477,259.277,-82.764,-62.866
-2.329,-0.337,-2.184,296.814,-87.646,-61.829
-1.844,-0.270,-1.957,282.837,-68.970,-59.448
-1.661,-0.234,-1.901,240.173,-39.307,-56.030
-1.524,-0.104,-1.705,119.080,18.250,-26.123
-1.449,-0.041,-1.649,86.548,42.603,-13.733
-1.386,-0.048,-1.649,112.976,93.994,-0.916
-1.295,-0.071,-1.704,128.052,116.333,1.953
-1.232,-0.075,-1.774,101.440,145.142,-1.221
-1.114,-0.017,-1.901,66.589,153.503,-5.493
-1.053,0.032,-1.941,22.278,153.076,-14.587
-0.999,0.084,-2.001,16.174,143.860,-18.372
-0.963,0.087,-2.031,7.507,116.272,-28.748
-0.836,0.069,-2.076,9.216,100.769,-34.973
-0.768,0.052,-2.056,15.381,85.083,-41.138
-0.719,0.030,-2.008,28.137,53.833,-51.086
-0.701,-0.027,-1.868,27.710,37.903,-54.077
-0.718,-0.055,-1.804,13.062,7.324,-55.786
-0.700,-0.073,-1.678,4.944,-6.165,-54.871
-0.667,-0.062,-1.613,-3.357,-28.015,-49.683
-0.674,-0.047,-1.466,-5.432,-36.743,-45.715
-0.706,-0.040,-1.398,-4.272,-52.002,-35.278
-0.716,-0.030,-1.292,-0.183,-58.655,-28.992
-0.705,-0.028,-1.248,6.287,-69.580,-15.320
-0.715,-0.034,-1.177,6.653,-73.914,-8.667
-0.717,-0.034,-1.147,9.155,-81.055,3.662
-0.696,-0.006,-1.097,8.911,-84.106,8.667
-0.698,0.020,-1.079,6.165,-86.792,13.000
-0.741,0.085,-1.050,0.000,-91.797,20.325
-0.740,0.111,-1.042,1.648,-93.933,23.376
-0.736,0.137,-1.035,10.132,-97.900,27.771
-0.761,0.174,-1.015,10.071,-99.976,29.175
-0.773,0.192,-1.013,3.540,-104.248,30.457
-0.713,0.232,-1.022,2.319,-106.201,30.457
-0.698,0.248,-1.026,-0.549,-110.107,29.297
-0.761,0.285,-1.047,-4.395,-112.488,28.320
-0.809,0.303,-1.058,-9.766,-118.591,25.452
-0.820,0.323,-1.087,-9.644,-122.314,23.560
-0.811,0.326,-1.100,-8.728,-126.343,21.484
-0.821,0.338,-1.126,-11.169,-134.583,17.456
-0.810,0.357,-1.138,-15.198,-138.611,15.991
-0.785,0.371,-1.149,-26.855,-145.813,14.465
-0.724,0.394,-1.143,-37.537,-148.743,13.916
-0.696,0.418,-1.142,-68.481,-153.137,13.000
-0.653,0.487,-1.136,-83.008,-154.358,13.184
-0.609,0.522,-1.132,-100.281,-154.358,16.418
-0.480,0.563,-1.099,-102.539,-153.259,19.531
-0.420,0.564,-1.092,-104.675,-148.499,28.442
-0.279,0.562,-1.086,-110.535,-144.897,33.997
-0.232,0.557,-1.067,-129.333,-136.536,46.936
-0.149,0.524,-1.057,-133.789,-132.385,53.894
-0.100,0.506,-1.041,-133.972,-128.357,60.913
-0.052,0.489,-1.021,-145.447,-120.239,75.134
0.012,0.481,-0.982,-156.921,-115.967,82.214
0.052,0.488,-0.971,-167.114,-106.323,95.337
0.133,0.518,-0.951,-169.067,-100.891,101.440
0.151,0.517,-0.944,-175.354,-89.600,112.671
0.198,0.524,-0.930,-179.138,-84.351,117.554
0.218,0.534,-0.921,-185.303,-74.890,125.732
0.274,0.545,-0.920,-184.143,-70.435,128.784
0.306,0.532,-0.918,-177.551,-61.646,132.019
0.344,0.481,-0.922,-179.993,-57.861,132.446
0.372,0.476,-0.930,-189.880,-54.382,132.446
0.392,0.480,-0.928,-213.501,-47.974,131.470
0.418,0.480,-0.932,-214.050,-45.166,130.371
0.449,0.469,-0.939,-201.782,-40.466,127.441
0.470,0.408,-0.917,-202.332,-38.818,126.221
0.463,0.376,-0.910,-215.088,-36.865,124.023
0.511,0.356,-0.909,-221.008,-35.889,122.986
0.527,0.371,-0.877,-221.924,-33.203,121.277
0.510,0.322,-0.806,-218.079,-31.738,120.300
0.536,0.316,-0.787,-214.294,-30.212,119.263
0.572,0.296,-0.777,-204.407,-24.902,117.798
0.614,0.242,-0.739,-201.477,-21.606,117.798
0.619,0.211,-0.725,-209.351,-15.503,118.591
0.594,0.172,-0.721,-215.820,-13.306,118.835
0.580,0.161,-0.717,-216.553,-10.376,117.737
0.579,0.118,-0.712,-211.243,-9.583,116.394
0.592,0.088,-0.716,-208.862,-8.545,112.122
0.605,0.040,-0.727,-214.172,-8.118,109.314
0.610,0.032,-0.733,-220.764,-7.507,106.201
0.656,0.018,-0.737,-227.356,-5.554,100.281
0.686,0.017,-0.735,-227.112,-3.540,97.656
0.721,0.017,-0.736,-222.473,3.113,92.957
0.750,0.004,-0.740,-220.093,7.324,90.576
0.733,-0.001,-0.750,-227.112,16.113,85.083
0.746,0.047,-0.763,-235.535,20.691,82.214
0.771,0.092,-0.766,-245.178,30.151,77.515
0.776,0.171,-0.740,-243.835,34.546,75.500
0.781,0.213,-0.714,-240.662,41.504,71.472
0.819,0.318,-0.623,-238.770,44.189,69.458
0.836,0.372,-0.574,-232.727,46.631,67.627
0.855,0.411,-0.521,-213.684,50.964,64.514

-1.900,0.317,1.082,-34.424,-353.027,441.162
-2.188,0.447,1.073,-103.271,-325.317,505.798
-2.790,0.757,1.102,-116.882,-305.542,540.894
-3.077,0.852,1.064,-109.741,-256.226,609.558
-3.682,1.015,0.932,-111.450,-224.365,642.151
-3.936,1.164,0.915,-166.748,-138.367,702.331
-4.000,1.532,0.949,-193.604,-84.106,730.652
-4.000,1.644,1.038,-197.083,-24.048,753.296
-3.993,1.434,1.588,-181.702,118.103,766.357
-3.997,1.453,1.715,-224.915,222.900,749.329
-4.000,1.585,1.583,-370.911,539.795,660.400
-4.000,2.257,0.243,-406.311,747.131,588.196
-4.000,2.592,-1.148,-369.690,1194.946,416.565
-4.000,3.423,-3.829,-310.242,1400.574,344.788
-4.000,3.779,-4.000,-130.005,1699.951,299.194
-4.000,3.434,-4.000,-100.952,1772.278,318.054
-4.000,2.722,-3.966,-386.108,1723.022,261.536
-4.000,0.281,-3.991,-656.372,1605.896,113.770
-4.000,-0.533,-4.000,-872.253,1432.434,-98.633
-4.000,-0.516,-4.000,-785.950,973.083,-446.472
-3.999,-0.199,-4.000,-521.851,752.136,-474.792
-3.948,-0.114,-3.999,49.683,449.585,-305.908
-3.672,-0.279,-4.000,194.519,353.210,-203.186
-3.605,-0.339,-4.000,181.946,197.937,-107.788
-3.342,-0.250,-3.752,127.014,133.118,-108.765
-3.194,-0.080,-3.301,123.169,37.415,-141.174
-2.859,0.101,-2.563,160.828,11.108,-152.466
-2.679,0.014,-2.341,198.425,4.089,-159.241
-2.255,-0.265,-2.294,187.012,20.386,-155.029
-2.096,-0.321,-2.110,49.561,45.349,-136.780
-1.941,-0.430,-1.809,-44.861,53.772,-135.071
-1.817,-0.374,-1.734,-76.843,97.046,-128.479
-1.577,-0.314,-1.673,-22.278,113.098,-115.540
-1.446,-0.285,-1.665,13.550,123.169,-104.126
-1.328,-0.291,-1.722,15.381,135.986,-85.449
-1.192,-0.248,-1.782,5.249,138.611,-75.806
-1.177,-0.214,-1.773,4.272,131.042,-58.960
-1.131,-0.247,-1.789,17.456,121.338,-53.406
-1.080,-0.293,-1.806,48.645,96.313,-47.913
-0.973,-0.324,-1.783,45.349,82.764,-46.692
-0.933,-0.299,-1.742,-7.568,52.368,-41.870
-0.882,-0.182,-1.639,-35.645,35.522,-37.903
-0.859,-0.119,-1.588,-45.959,1.099,-26.855
-0.817,-0.040,-1.486,-29.907,-15.015,-20.325
-0.820,-0.018,-1.422,14.648,-43.823,-7.507
-0.859,-0.002,-1.286,33.997,-56.763,-2.075
-0.885,0.005,-1.229,53.711,-80.750,6.958
-0.954,0.053,-1.151,54.993,-91.797,11.047
-0.979,0.093,-1.124,53.162,-101.990,14.587
-1.000,0.141,-1.107,45.288,-119.446,19.653
-1.030,0.246,-1.080,39.551,-127.136,21.240
-1.047,0.297,-1.078,29.602,-142.151,22.461
-1.095,0.393,-1.113,29.602,-149.231,21.606
-1.109,0.427,-1.138,42.358,-161.377,16.724
-1.105,0.436,-1.185,49.500,-166.321,12.756
-1.114,0.421,-1.209,41.443,-175.171,2.747
-1.139,0.416,-1.288,24.780,-179.504,-2.380
-1.131,0.438,-1.322,-12.024,-188.599,-10.254
-1.097,0.493,-1.370,-26.978,-193.298,-12.573
-1.074,0.498,-1.397,-53.162,-202.087,-15.381
-1.050,0.516,-1.436,-69.031,-206.421,-16.479
-1.034,0.551,-1.443,-87.280,-210.693,-17.029
-0.971,0.588,-1.427,-104.187,-219.116,-15.015
-0.933,0.572,-1.402,-96.863,-223.083,-12.634
-0.889,0.526,-1.333,-96.008,-228.394,-5.127
-0.879,0.526,-1.291,-113.586,-229.431,0.183
-0.823,0.580,-1.189,-148.010,-228.149,13.977
-0.775,0.608,-1.141,-152.893,-225.891,22.034
-0.726,0.633,-1.096,-155.823,-218.018,39.490
-0.654,0.702,-1.011,-158.813,-212.341,48.584
-0.615,0.747,-0.973,-159.546,-198.120,66.711
-0.538,0.800,-0.905,-158.875,-189.880,75.073
-0.504,0.817,-0.876,-173.218,-171.814,89.783
-0.415,0.878,-0.804,-190.002,-162.170,96.191
-0.365,0.929,-0.758,-217.346,-143.494,106.873
-0.299,0.984,-0.653,-219.666,-135.681,110.474
-0.268,0.989,-0.619,-208.557,-124.390,112.976
-0.169,0.923,-0.585,-203.125,-119.812,111.938
-0.097,0.897,-0.578,-207.031,-108.887,108.215
0.051,0.825,-0.563,-212.708,-101.257,106.873
0.113,0.779,-0.559,-218.384,-92.346,106.201
0.211,0.706,-0.577,-238.037,-72.083,107.727
0.246,0.703,-0.597,-251.221,-61.401,110.046
0.273,0.701,-0.610,-261.902,-40.710,116.028
0.321,0.652,-0.637,-257.629,-31.311,118.530
0.356,0.634,-0.666,-251.892,-14.282,121.704
0.400,0.588,-0.712,-255.615,-6.653,122.559
0.417,0.552,-0.731,-264.343,7.019,122.742
0.487,0.465,-0.784,-268.433,13.245,121.826
0.518,0.433,-0.798,-282.715,24.780,119.080
0.572,0.391,-0.837,-285.278,30.029,117.798
0.601,0.356,-0.857,-275.574,39.551,115.845
0.662,0.283,-0.888,-273.071,43.884,115.051
0.662,0.260,-0.888,-275.635,47.852,114.197
0.673,0.246,-0.901,-283.081,55.237,111.389
0.747,0.225,-0.930,-283.081,58.960,109.558
0.776,0.208,-0.934,-281.494,66.895,106.140
0.819,0.185,-0.954,-279.175,70.740,104.736
0.834,0.175,-0.961,-269.592,77.515,102.905
0.870,0.162,-1.000,-266.968,80.505,102.478
0.869,0.160,-1.016,-269.043,84.412,101.440
0.864,0.166,-1.073,-270.203,84.839,100.525
0.876,0.174,-1.098,-270.874,84.106,99.304
0.888,0.177,-1.110,-271.851,79.529,96.008
0.902,0.184,-1.100,-269.836,76.233,93.933
0.913,0.182,-1.077,-257.263,68.542,88.928
0.942,0.161,-0.994,-249.695,65.063,86.548
0.967,0.146,-0.966,-241.272,60.486,83.008
0.980,0.103,-0.915,-244.263,59.143,81.543
0.977,0.112,-0.888,-266.357,55.176,78.552
0.976,0.234,-0.789,-273.987,51.697,77.637
0.976,0.303,-0.722,-270.752,47.363,77.576
0.961,0.360,-0.630,-240.112,35.522,80.933
0.928,0.429,-0.452,-225.037,28.137,84.167
0.925,0.466,-0.366,-203.796,11.169,92.529
0.936,0.532,-0.173,-191.101,2.808,97.046
0.962,0.542,-0.087,-153.076,-9.827,105.286
1.017,0.519,0.055,-135.315,-12.939,107.971
1.021,0.496,0.108,-114.258,-13.794,109.863

-1.731,0.048,0.958,-139.526,-389.099,397.827
-1.970,0.126,0.856,-167.358,-354.370,460.449
-2.622,0.265,0.661,-178.528,-330.749,494.385
-3.011,0.341,0.613,-208.435,-269.958,563.293
-3.801,0.551,0.473,-221.313,-235.474,598.816
-4.000,0.671,0.434,-240.479,-160.278,666.870
-4.000,0.861,0.323,-258.484,-121.277,695.373
-3.997,0.915,0.325,-304.810,-17.761,737.610
-3.994,1.304,0.541,-339.355,56.702,751.709
-4.000,1.564,0.648,-373.047,150.330,760.620
-4.000,1.859,0.659,-405.457,403.931,754.272
-4.000,2.576,0.269,-411.194,566.223,732.605
-4.000,2.846,-0.290,-389.221,941.956,640.503
-4.000,3.218,-2.469,-360.962,1138.977,574.463
-4.000,3.338,-3.658,-254.089,1501.526,440.002
-4.000,3.685,-4.000,-158.264,1645.569,400.574
-4.000,3.720,-4.000,-68.542,1803.100,409.180
-4.000,2.476,-3.967,-225.525,1785.278,399.109
-4.000,1.420,-3.988,-550.903,1701.050,308.289
-4.000,-0.427,-4.000,-1111.145,1376.221,-136.536
-4.000,-0.480,-4.000,-1101.196,1145.935,-362.488
-4.000,-0.256,-4.000,-605.286,651.428,-514.221
-3.776,-0.084,-4.000,-222.107,452.332,-443.420
-3.526,-0.232,-4.000,330.261,186.035,-237.488
-3.261,-0.562,-3.979,417.908,91.797,-176.880
-3.229,-0.293,-3.867,395.996,-36.438,-145.752
-2.974,-0.121,-3.154,377.930,-53.223,-151.062
-2.949,-0.240,-2.666,309.937,-64.087,-172.058
-2.438,-0.549,-2.212,216.980,-73.059,-162.109
-2.116,-0.479,-2.105,21.301,-48.767,-107.788
-1.507,-0.015,-1.797,-35.156,-20.996,-71.716
-1.405,0.086,-1.657,5.127,43.518,-48.950
-1.546,-0.055,-1.556,39.551,71.045,-56.519
-1.473,-0.139,-1.645,131.470,119.019,-38.452
-1.309,-0.092,-1.815,142.822,136.230,-24.292
-1.251,-0.031,-1.910,92.285,151.306,-11.963
-1.144,0.089,-1.991,78.430,150.330,-10.620
-1.104,0.102,-2.007,82.031,143.738,-10.925
-1.065,0.092,-2.050,108.887,117.371,-18.372
-0.927,0.072,-2.093,116.211,100.464,-24.719
-0.846,0.072,-2.072,95.093,65.247,-40.100
-0.779,0.096,-1.965,67.810,47.180,-48.462
-0.798,0.124,-1.907,9.094,10.071,-63.904
-0.862,0.194,-1.755,-9.644,-8.362,-70.313
-0.870,0.212,-1.670,-20.752,-43.213,-80.017
-0.915,0.220,-1.528,-20.752,-58.777,-83.191
-0.960,0.218,-1.480,-23.499,-85.205,-86.426
-1.062,0.233,-1.400,-28.198,-96.375,-86.731
-1.105,0.254,-1.368,-46.021,-115.723,-84.106
-1.191,0.281,-1.296,-60.608,-124.939,-82.092
-1.223,0.292,-1.282,-95.459,-143.921,-77.087
-1.251,0.347,-1.282,-104.492,-153.259,-73.242
-1.274,0.379,-1.291,-104.980,-162.109,-68.420
-1.259,0.431,-1.326,-89.050,-177.490,-58.167
-1.227,0.437,-1.350,-76.050,-183.533,-53.955
-1.213,0.424,-1.365,-59.326,-192.322,-47.607
-1.161,0.392,-1.393,-65.002,-195.618,-45.105
-1.125,0.391,-1.400,-98.999,-201.111,-39.490
-1.043,0.405,-1.365,-118.530,-203.369,-35.461
-0.989,0.428,-1.345,-149.231,-206.970,-23.499
-0.880,0.453,-1.285,-158.813,-207.947,-15.381
-0.838,0.455,-1.251,-172.180,-208.313,5.493
-0.734,0.461,-1.210,-178.040,-207.581,17.883
-0.695,0.472,-1.186,-193.237,-202.759,45.593
-0.623,0.515,-1.153,-203.613,-198.303,60.181
-0.564,0.556,-1.130,-213.928,-185.791,89.050
-0.489,0.620,-1.081,-208.679,-178.772,102.905
-0.463,0.641,-1.082,-191.895,-164.368,128.662
-0.370,0.705,-1.094,-191.284,-156.738,140.381
-0.331,0.770,-1.113,-214.966,-140.686,160.889
-0.306,0.931,-1.221,-228.943,-132.812,169.067
-0.314,1.027,-1.249,-235.962,-125.793,175.293
-0.290,1.116,-1.242,-230.041,-116.333,181.396
-0.188,1.164,-1.200,-221.863,-113.647,181.030
-0.147,1.135,-1.151,-217.163,-108.887,172.058
-0.094,1.091,-1.070,-232.544,-105.408,164.856
-0.046,1.095,-1.038,-286.682,-93.811,150.085
0.070,1.118,-0.990,-309.937,-85.388,143.738
0.150,1.134,-0.975,-328.735,-64.453,133.728
0.271,1.129,-0.938,-328.979,-52.673,130.005
0.293,1.100,-0.931,-328.918,-29.175,124.756
0.333,1.021,-0.937,-333.374,-18.127,122.864
0.356,0.992,-0.939,-355.286,1.160,120.056
0.408,0.939,-0.933,-366.516,9.277,118.530
0.431,0.904,-0.923,-370.666,16.602,116.638
0.461,0.869,-0.912,-355.164,28.748,111.633
0.524,0.738,-0.875,-343.567,33.508,108.948
0.539,0.647,-0.856,-332.275,40.527,102.844
0.578,0.491,-0.822,-331.909,43.274,99.060
0.598,0.446,-0.791,-331.604,48.889,91.187
0.660,0.407,-0.755,-329.163,52.673,87.708
0.709,0.407,-0.750,-320.679,62.134,82.336
0.760,0.394,-0.740,-318.237,66.833,80.200
0.773,0.378,-0.750,-317.383,70.435,78.125
0.806,0.358,-0.762,-312.988,73.425,74.463
0.837,0.363,-0.753,-305.847,72.754,73.364
0.865,0.369,-0.724,-277.649,67.261,73.608
0.947,0.369,-0.649,-259.399,62.866,74.646
1.014,0.372,-0.608,-225.220,53.101,77.271
1.168,0.373,-0.518,-213.257,48.340,78.674
1.229,0.384,-0.458,-202.148,38.696,81.543
1.286,0.437,-0.306,-196.289,33.569,82.764
1.278,0.457,-0.223,-163.330,22.766,84.656
1.250,0.432,-0.098,-142.944,17.517,84.900
1.214,0.395,-0.036,-130.737,12.512,84.045
1.167,0.361,0.013,-139.771,2.747,78.186
1.088,0.358,0.096,-148.315,-1.770,73.120
1.070,0.363,0.139,-137.939,-9.277,61.401
1.056,0.312,0.219,-124.756,-13.550,54.993
1.053,0.264,0.248,-109.375,-20.081,43.701
1.067,0.199,0.277,-116.577,-23.865,37.903
1.080,0.180,0.337,-145.203,-32.288,29.297
1.073,0.192,0.335,-147.766,-30.029,27.283
1.088,0.212,0.333,-137.695,-25.635,23.987
1.105,0.204,0.348,-85.266,-15.503,18.433
1.120,0.143,0.340,-62.439,-11.536,17.456
1.116,0.113,0.335,-47.241,-5.249,15.625
1.098,0.070,0.327,-56.335,-4.944,13.733
1.091,0.051,0.308,-67.627,5.371,8.484

-1.947,-0.120,0.670,-115.295,-353.943,427.124
-2.150,-0.025,0.644,-144.409,-323.242,496.521
-2.626,0.144,0.529,-152.222,-303.162,532.776
-2.950,0.208,0.454,-182.678,-255.432,604.248
-3.731,0.372,0.295,-207.458,-228.027,637.390
-4.000,0.499,0.224,-250.977,-167.053,693.848
-4.000,0.756,0.119,-256.653,-134.766,715.698
-4.000,0.842,0.082,-240.295,-71.594,743.774
-3.993,1.032,0.267,-243.103,-37.659,751.587
-3.999,1.190,0.461,-331.543,70.313,755.920
-4.000,1.620,0.813,-401.306,162.354,749.695
-4.000,1.926,0.972,-455.261,286.011,732.849
-4.000,2.164,1.033,-454.468,618.835,646.179
-4.000,2.275,-0.366,-429.138,817.993,572.388
-4.000,2.414,-1.693,-445.312,1244.385,379.517
-4.000,3.432,-4.000,-428.406,1444.092,282.166
-4.000,3.931,-4.000,-203.003,1733.154,197.021
-4.000,3.412,-4.000,-122.131,1794.678,222.656
-4.000,2.371,-3.963,-397.278,1700.928,212.158
-4.000,-0.355,-3.996,-715.576,1559.814,79.285
-4.000,-1.160,-4.000,-984.863,1130.493,-331.543
-3.971,-1.502,-4.000,-842.468,879.150,-456.543
-3.707,-1.605,-3.999,-624.390,646.973,-479.065
-2.786,-1.470,-4.000,-242.554,316.467,-333.557
-2.707,-1.262,-4.000,-121.338,207.031,-245.666
-2.764,-1.059,-4.000,54.138,44.495,-127.502
-2.734,-0.678,-3.741,147.461,-16.968,-99.060
-2.672,-0.540,-3.364,327.698,-105.957,-81.238
-2.433,-0.578,-2.660,385.925,-131.470,-81.970
-2.211,-0.744,-2.521,394.714,-128.174,-94.116
-1.514,-1.022,-2.263,322.693,-102.539,-102.661
-1.258,-0.987,-2.092,60.547,-45.959,-109.375
-1.144,-0.682,-1.864,-68.542,-22.583,-109.070
-1.152,-0.498,-1.808,-144.043,20.752,-104.492
-1.146,-0.321,-1.817,-100.159,35.156,-101.562
-1.112,-0.365,-1.869,31.250,50.842,-92.773
-1.071,-0.549,-2.010,77.759,54.016,-86.243
-1.073,-0.600,-2.070,94.421,51.147,-70.496
-1.095,-0.602,-2.139,78.491,44.312,-61.951
-1.149,-0.566,-2.153,60.059,33.508,-53.528
-1.227,-0.425,-2.147,31.128,0.854,-38.818
-1.248,-0.338,-2.131,21.179,-19.775,-32.837
-1.293,-0.264,-2.109,19.836,-65.002,-23.499
-1.395,-0.162,-2.002,32.837,-87.524,-20.386
-1.437,-0.145,-1.930,68.726,-129.150,-16.724
-1.514,-0.183,-1.780,76.660,-146.545,-15.747
-1.523,-0.202,-1.704,54.443,-172.180,-13.916
-1.459,-0.184,-1.577,33.081,-180.481,-11.841
-1.413,-0.172,-1.521,-18.311,-189.514,-5.676
-1.411,-0.155,-1.432,-54.382,-192.139,-1.282
-1.411,-0.099,-1.382,-123.718,-195.984,13.245
-1.309,0.063,-1.277,-138.428,-197.571,24.963
-1.228,0.139,-1.248,-145.020,-198.181,51.941
-1.150,0.235,-1.239,-150.391,-196.472,66.284
-1.196,0.296,-1.274,-183.777,-188.599,98.755
-1.127,0.442,-1.322,-201.782,-182.068,117.249
-1.021,0.503,-1.335,-226.624,-163.879,156.067
-0.874,0.651,-1.342,-244.263,-152.954,175.293
-0.855,0.732,-1.378,-282.288,-130.371,211.060
-0.879,0.881,-1.480,-285.583,-120.361,226.074
-0.880,0.944,-1.516,-275.269,-112.366,238.159
-0.773,1.092,-1.589,-254.089,-100.952,253.906
-0.707,1.151,-1.602,-260.559,-95.093,258.484
-0.663,1.194,-1.600,-290.344,-78.674,262.512
-0.579,1.252,-1.611,-301.392,-68.298,262.451
-0.538,1.276,-1.628,-319.092,-44.678,261.108
-0.421,1.304,-1.662,-329.773,-31.860,260.071
-0.360,1.324,-1.690,-359.253,-5.249,255.554
-0.260,1.416,-1.769,-377.930,7.751,251.587
-0.231,1.463,-1.813,-395.630,30.212,240.662
-0.145,1.503,-1.839,-392.151,38.269,234.192
-0.080,1.495,-1.830,-388.672,47.485,219.543
0.069,1.507,-1.767,-388.306,49.561,210.876
0.162,1.502,-1.725,-380.493,50.659,201.233
0.247,1.469,-1.671,-345.154,51.514,179.687
0.428,1.384,-1.593,-334.534,52.429,169.189
0.541,1.372,-1.556,-347.473,58.228,152.222
0.705,1.364,-1.449,-355.530,62.805,145.691
0.761,1.355,-1.395,-334.778,71.838,133.789
0.828,1.261,-1.255,-308.777,74.768,128.113
0.874,1.189,-1.148,-265.747,77.026,118.958
1.076,1.132,-0.846,-258.423,77.515,116.638
1.156,1.090,-0.655,-246.582,79.773,113.525
1.247,0.942,-0.404,-235.413,82.031,109.802
1.292,0.879,-0.311,-232.239,84.961,103.760
1.334,0.844,-0.217,-263.855,91.064,87.341
1.378,0.840,-0.005,-274.902,92.957,79.224
1.374,0.794,0.060,-248.474,91.919,67.139
1.275,0.653,0.143,-233.948,88.867,62.744
1.210,0.607,0.159,-227.539,75.500,54.138
1.157,0.543,0.182,-214.905,65.369,49.927
1.170,0.484,0.206,-191.101,54.687,46.570
1.195,0.406,0.229,-117.493,45.105,46.021
1.223,0.225,0.215,-88.501,42.114,47.485
1.202,0.149,0.215,-84.595,24.048,51.392
1.140,0.091,0.178,-82.092,20.447,52.856
1.130,0.061,0.155,-71.106,18.677,54.321
1.130,-0.030,0.071,-62.134,17.395,55.115
1.120,-0.093,0.047,-42.908,16.479,56.824
1.045,-0.171,-0.024,-43.579,16.052,56.824
1.029,-0.210,-0.043,-25.085,24.109,56.946
1.036,-0.224,-0.060,-11.475,27.161,56.274
1.088,-0.262,-0.111,-19.409,22.705,53.833
1.098,-0.289,-0.111,-58.716,10.498,44.250
1.110,-0.282,-0.145,-66.345,11.169,39.185
1.118,-0.262,-0.150,-56.335,11.108,29.663
1.167,-0.285,-0.159,-41.260,9.949,25.330
1.193,-0.305,-0.159,-26.611,5.981,19.714
1.216,-0.292,-0.156,-23.315,4.639,18.066
1.215,-0.281,-0.162,-15.503,0.488,15.442
1.185,-0.261,-0.166,-18.860,-5.920,14.771
1.178,-0.247,-0.170,-28.015,-20.996,14.343
1.186,-0.219,-0.155,-29.358,-28.687,14.709
1.188,-0.216,-0.136,-29.480,-45.776,17.151
1.183,-0.228,-0.098,-29.358,-54.199,19.348
1.171,-0.227,-0.071,-30.090,-61.584,21.973
1.142,-0.221,-0.022,-28.564,-75.562,27.222
1.131,-0.240,-0.001,-18.982,-81.421,29.724
1.116,-0.262,0.027,-0.122,-88.379,34.912

-1.212,0.781,0.902,-21.484,-335.266,427.185
-1.503,0.847,0.890,-33.997,-329.346,466.064
-2.147,1.044,0.838,-49.988,-324.768,487.061
-2.463,1.143,0.788,-96.069,-303.833,537.415
-3.031,1.352,0.693,-118.408,-286.926,566.284
-3.305,1.444,0.652,-152.832,-243.103,625.610
-3.864,1.601,0.573,-164.795,-216.431,653.686
-4.000,1.677,0.554,-178.101,-150.574,701.904
-4.000,1.823,0.504,-184.753,-109.863,720.154
-3.999,1.897,0.487,-195.618,-62.317,734.802
-3.993,1.980,0.431,-234.741,50.476,751.221
-4.000,2.235,0.284,-247.986,117.004,750.549
-4.000,2.340,0.292,-253.418,265.137,729.370
-4.000,2.249,0.359,-260.986,351.868,699.768
-4.000,2.092,0.303,-359.985,588.928,576.660
-4.000,1.992,-0.640,-436.279,747.192,479.126
-4.000,2.172,-1.737,-520.325,1127.258,227.234
-4.000,2.684,-3.923,-515.808,1328.979,92.346
-4.000,3.096,-4.000,-464.661,1521.423,-27.222
-4.000,3.399,-4.000,-122.314,1838.501,-113.586
-4.000,2.986,-3.969,53.223,1936.218,-46.143
-4.000,2.314,-3.975,-28.748,1874.451,120.056
-4.000,0.545,-4.000,-190.552,1703.247,104.187
-4.000,-0.005,-4.000,-448.914,1210.083,-114.441
-4.000,0.089,-4.000,-527.649,947.205,-230.225
-3.955,0.414,-3.999,-371.094,489.563,-300.476
-3.704,0.600,-4.000,-152.222,316.101,-255.737
-3.801,0.388,-4.000,207.153,73.669,-151.489
-3.881,-0.121,-3.935,287.354,-5.066,-136.047
-3.699,-0.324,-3.643,304.687,-82.458,-161.865
-2.777,-0.621,-2.713,255.493,-78.918,-176.941
-2.226,-0.600,-2.409,4.333,-20.752,-185.730
-1.689,-0.385,-2.088,-114.319,18.799,-182.861
-1.607,-0.289,-2.056,-144.836,59.082,-177.856
-1.694,-0.398,-1.915,6.836,130.249,-165.771
-1.748,-0.524,-1.911,24.414,142.395,-160.339
-1.686,-0.598,-1.920,-44.312,160.706,-144.836
-1.529,-0.547,-2.019,-38.879,162.170,-127.441
-1.536,-0.461,-2.062,-3.601,138.123,-95.825
-1.434,-0.351,-2.107,16.418,119.446,-83.618
-1.308,-0.326,-2.128,67.627,77.698,-60.425
-1.059,-0.369,-2.158,93.506,56.396,-50.781
-0.974,-0.436,-2.151,138.489,14.648,-39.795
-0.944,-0.519,-2.076,152.039,-5.493,-38.635
-0.996,-0.518,-2.010,133.118,-43.823,-40.100
-1.111,-0.437,-1.853,100.586,-62.134,-40.283
-1.152,-0.374,-1.777,26.123,-96.619,-37.109
-1.188,-0.207,-1.619,-0.977,-112.061,-33.508
-1.202,-0.114,-1.530,-24.170,-138.916,-22.522
-1.275,0.054,-1.381,-22.339,-150.818,-15.625
-1.307,0.122,-1.339,-13.672,-162.048,-8.484
-1.395,0.210,-1.321,6.287,-183.105,4.761
-1.464,0.247,-1.339,9.216,-192.627,10.071
-1.488,0.278,-1.360,3.845,-209.961,16.418
-1.466,0.330,-1.411,1.038,-218.262,17.761
-1.490,0.342,-1.437,-13.123,-234.985,18.677
-1.515,0.362,-1.487,-34.546,-243.286,19.226
-1.495,0.408,-1.498,-101.379,-258.850,23.682
-1.433,0.520,-1.520,-130.676,-266.113,28.442
-1.414,0.586,-1.539,-161.072,-279.297,43.884
-1.435,0.690,-1.563,-168.640,-284.668,54.138
-1.413,0.744,-1.561,-189.270,-290.100,77.637
-1.260,0.886,-1.526,-202.148,-289.001,90.027
-1.174,0.961,-1.517,-222.778,-278.564,114.441
-1.105,1.056,-1.505,-230.103,-270.081,125.549
-1.084,1.110,-1.470,-251.221,-250.610,143.494
-0.993,1.229,-1.442,-258.911,-240.173,149.597
-0.931,1.262,-1.417,-259.766,-229.126,152.954
-0.883,1.286,-1.384,-266.846,-204.895,151.672
-0.773,1.331,-1.377,-286.377,-191.650,148.376
-0.704,1.374,-1.386,-344.299,-161.987,141.174
-0.551,1.449,-1.372,-366.760,-146.362,137.939
-0.458,1.460,-1.348,-383.057,-115.051,131.104
-0.281,1.403,-1.316,-385.071,-99.426,127.014
-0.187,1.375,-1.323,-399.475,-67.566,118.835
-0.055,1.301,-1.303,-413.208,-52.124,115.662
0.024,1.258,-1.312,-425.049,-24.658,112.488
0.158,1.138,-1.315,-419.739,-12.329,112.488
0.194,1.100,-1.284,-415.649,9.766,116.150
0.249,1.068,-1.228,-414.734,19.165,119.263
0.277,1.044,-1.199,-404.724,27.588,122.375
0.317,1.018,-1.174,-359.680,41.565,126.953
0.388,0.960,-1.106,-341.492,46.936,128.113
0.400,0.939,-1.073,-338.501,54.565,126.282
0.406,0.949,-0.993,-342.895,56.824,122.620
0.444,0.965,-0.955,-331.787,59.326,110.779
0.577,0.972,-0.876,-316.711,60.425,104.126
0.644,0.948,-0.810,-289.124,62.683,93.079
0.726,0.912,-0.677,-285.400,63.293,89.416
0.772,0.896,-0.623,-289.124,63.416,84.167
0.909,0.901,-0.472,-285.217,62.988,81.604
0.989,0.908,-0.389,-274.536,61.951,78.918
1.102,0.837,-0.251,-239.441,57.129,73.669
1.141,0.778,-0.211,-222.290,53.650,70.862
1.176,0.722,-0.168,-206.665,46.265,65.002
1.226,0.626,-0.082,-206.055,42.603,62.195
1.248,0.583,-0.061,-197.327,36.255,56.580
1.263,0.480,-0.037,-189.087,33.569,53.833
1.239,0.432,-0.051,-179.260,27.527,48.889
1.162,0.417,-0.035,-175.903,23.987,46.753
1.125,0.447,0.002,-144.165,18.250,45.166
1.050,0.440,0.083,-125.977,8.911,44.128
1.060,0.387,0.089,-115.784,-5.676,41.077
1.102,0.312,0.095,-62.744,-3.967,37.903
1.142,0.176,0.161,-61.646,-0.977,38.757
1.146,0.141,0.188,-91.003,1.221,28.687
1.145,0.093,0.227,-97.046,4.333,22.217
1.146,0.077,0.236,-87.769,11.475,14.648
1.149,-0.013,0.220,-87.280,8.850,12.207
1.124,-0.069,0.190,-87.402,11.353,5.127
1.098,-0.153,0.163,-82.581,19.897,2.930
1.106,-0.155,0.150,-104.675,16.663,0.671
1.108,-0.138,0.143,-114.380,9.460,-0.244
1.128,-0.136,0.154,-113.037,3.967,-0.305
1.161,-0.131,0.166,-101.318,-8.972,2.625
1.238,-0.143,0.188,-87.524,-14.771,5.005
1.263,-0.159,0.193,-51.331,-23.682,10.986
1.293,-0.196,0.201,-37.354,-28.076,14.648
1.305,-0.206,0.208,-29.846,-41.077,22.766

-1.792,0.504,0.563,-193.726,-240.234,387.756
-1.987,0.603,0.442,-220.215,-190.124,432.800
-2.394,0.772,0.200,-225.525,-161.743,457.092
-2.613,0.834,0.057,-234.985,-100.647,505.127
-3.190,0.995,-0.210,-242.310,-68.909,527.588
-3.578,1.131,-0.308,-253.723,-0.854,570.068
-4.000,1.402,-0.367,-250.854,34.729,589.966
-4.000,1.499,-0.312,-223.022,100.952,624.146
-3.991,1.615,-0.143,-201.050,132.263,637.817
-3.990,1.608,-0.060,-177.795,167.236,648.560
-3.997,1.530,0.021,-184.631,265.503,654.541
-4.000,1.516,0.089,-237.427,340.576,644.287
-4.000,1.767,0.103,-372.681,570.435,583.740
-4.000,2.156,-0.150,-388.855,721.497,529.968
-4.000,2.026,-0.778,-324.646,1057.556,379.517
-4.000,2.080,-2.998,-319.641,1228.271,291.138
-4.000,2.510,-3.911,-260.681,1530.151,146.301
-4.000,3.197,-4.000,-153.320,1640.076,126.953
-4.000,2.941,-4.000,-136.597,1749.878,175.171
-4.000,1.612,-3.975,-405.762,1740.661,140.320
-4.000,0.057,-3.994,-804.321,1676.697,-15.747
-4.000,-1.166,-4.000,-1208.618,1283.875,-566.284
-4.000,-0.775,-4.000,-1000.610,977.905,-743.469
-4.000,-0.661,-4.000,-161.621,490.601,-645.142
-3.864,-1.427,-4.000,197.449,368.347,-481.811
-3.588,-1.726,-4.000,296.631,206.360,-251.770
-3.493,-1.343,-3.946,129.150,119.995,-212.524
-3.572,-0.923,-3.714,-37.781,-40.100,-187.317
-3.434,-0.343,-2.818,27.161,-99.854,-173.889
-3.228,-0.393,-2.541,256.714,-164.978,-142.883
-2.613,-0.733,-2.348,333.557,-169.373,-132.874
-2.292,-0.861,-2.291,306.641,-132.263,-119.507
-1.846,-0.874,-2.032,229.736,-102.844,-111.511
-1.756,-0.734,-1.949,102.722,-41.748,-82.397
-1.606,-0.463,-1.664,71.411,-21.057,-67.383
-1.452,-0.379,-1.550,43.274,-21.301,-42.480
-1.200,-0.398,-1.519,61.035,-10.376,-36.377
-1.099,-0.434,-1.580,78.552,19.531,-23.376
-0.986,-0.410,-1.687,70.007,27.527,-14.648
-0.985,-0.332,-1.694,20.813,31.250,-5.493
-1.011,-0.198,-1.676,9.888,28.503,-3.479
-1.012,-0.178,-1.671,16.907,22.522,-2.014
-1.012,-0.179,-1.671,49.866,2.197,0.244
-1.010,-0.178,-1.664,55.847,-10.437,1.465
-0.978,-0.156,-1.632,44.067,-37.109,5.127
-0.911,-0.088,-1.538,34.424,-50.659,7.996
-0.930,-0.052,-1.498,26.489,-77.759,14.954
-1.047,0.025,-1.400,33.875,-90.698,18.616
-1.042,0.041,-1.348,57.861,-113.831,25.452
-1.031,0.045,-1.242,62.073,-123.840,28.870
-1.071,0.056,-1.206,55.725,-140.381,36.072
-1.092,0.092,-1.146,52.002,-146.362,39.673
-1.051,0.118,-1.122,40.955,-153.625,47.363
-1.026,0.196,-1.097,29.785,-155.579,51.941
-1.046,0.250,-1.102,17.639,-156.860,56.885
-1.078,0.348,-1.118,3.967,-158.997,66.833
-1.085,0.387,-1.137,3.235,-160.400,71.106
-1.085,0.435,-1.161,1.831,-164.368,77.942
-1.039,0.533,-1.210,-3.662,-167.114,80.627
-1.013,0.580,-1.241,-19.592,-175.781,84.900
-1.030,0.661,-1.312,-26.062,-182.068,86.304
-1.035,0.700,-1.348,-42.786,-196.960,88.135
-0.955,0.776,-1.406,-58.838,-204.163,88.806
-0.925,0.799,-1.409,-98.022,-215.942,90.027
-0.918,0.833,-1.401,-113.708,-220.215,90.820
-0.894,0.858,-1.396,-132.324,-225.769,94.543
-0.810,0.884,-1.373,-139.465,-226.624,97.961
-0.767,0.882,-1.342,-172.058,-223.450,107.544
-0.704,0.923,-1.295,-195.557,-219.543,113.342
-0.672,0.986,-1.277,-215.637,-214.172,119.934
-0.622,1.039,-1.215,-235.291,-201.050,134.033
-0.610,1.051,-1.174,-235.718,-194.336,140.503
-0.572,1.072,-1.147,-229.614,-181.152,150.818
-0.435,1.086,-1.077,-228.149,-174.255,154.541
-0.392,1.090,-1.033,-244.995,-159.363,158.386
-0.322,1.119,-0.989,-261.902,-151.367,158.936
-0.287,1.129,-0.971,-288.208,-134.094,157.654
-0.187,1.167,-0.919,-297.058,-125.305,155.762
-0.123,1.181,-0.898,-314.758,-107.971,150.330
-0.040,1.175,-0.871,-321.655,-99.548,146.606
0.000,1.166,-0.859,-324.890,-83.679,137.085
0.122,1.127,-0.830,-322.937,-76.111,132.141
0.176,1.089,-0.811,-327.881,-61.584,123.291
0.270,1.030,-0.795,-337.463,-54.321,119.263
0.328,1.011,-0.797,-347.168,-46.997,115.356
0.366,0.977,-0.786,-351.379,-33.630,107.544
0.415,0.859,-0.767,-346.252,-28.442,103.577
0.441,0.790,-0.762,-338.745,-21.240,95.947
0.475,0.712,-0.725,-340.332,-18.494,92.773
0.512,0.711,-0.690,-343.689,-12.512,87.891
0.630,0.713,-0.631,-339.416,-8.911,85.937
0.694,0.707,-0.610,-323.120,-0.610,83.008
0.831,0.695,-0.540,-318.420,3.906,82.458
0.880,0.699,-0.493,-305.664,12.756,83.252
0.961,0.678,-0.423,-290.833,16.968,83.740
0.970,0.636,-0.394,-274.597,20.508,83.740
0.956,0.581,-0.367,-264.893,23.682,81.421
0.944,0.549,-0.326,-271.851,22.583,79.651
0.962,0.548,-0.281,-262.329,15.625,76.355
1.037,0.505,-0.169,-236.633,10.986,74.829
1.082,0.458,-0.122,-186.035,2.014,70.862
1.131,0.351,-0.036,-176.025,-1.770,68.298
1.158,0.312,-0.008,-174.255,-8.362,62.866
1.222,0.241,0.045,-171.753,-11.169,60.791
1.262,0.203,0.063,-165.833,-13.367,59.448
1.310,0.171,0.062,-151.062,-16.602,59.570
1.301,0.139,0.058,-143.250,-18.433,60.852
1.269,0.106,0.063,-116.943,-23.315,64.087
1.202,0.063,0.088,-105.530,-29.236,65.430
1.171,0.055,0.108,-101.013,-51.941,67.749
1.129,0.066,0.147,-109.558,-69.519,69.885
1.143,0.117,0.206,-106.628,-96.497,76.904
1.044,0.187,0.280,-84.229,-99.731,81.238
0.983,0.239,0.319,-56.458,-120.605,87.646
0.907,0.316,0.410,-42.847,-135.254,93.323
0.872,0.314,0.468,-31.982,-149.780,99.670
0.788,0.338,0.603,-12.512,-165.222,109.497
0.776,0.357,0.645,-9.460,-171.326,112.671
0.745,0.352,0.685,-13.367,-190.430,118.774

-1.181,0.417,1.016,-73.608,-288.330,364.441
-1.389,0.420,0.922,-110.962,-261.658,410.339
-1.823,0.519,0.702,-134.094,-242.310,435.852
-2.035,0.609,0.575,-175.903,-191.833,491.455
-2.563,0.733,0.364,-190.491,-161.682,518.799
-2.870,0.767,0.268,-207.642,-97.839,565.918
-3.489,0.835,0.089,-214.661,-65.186,584.351
-3.795,0.880,0.013,-223.694,-31.982,599.670
-4.000,0.947,-0.189,-247.253,37.476,622.864
-4.000,0.936,-0.287,-260.620,75.073,628.967
-4.000,0.916,-0.355,-300.354,157.898,625.977
-3.995,1.089,-0.401,-332.886,205.627,616.821
-3.999,1.312,-0.402,-406.982,340.759,580.872
-4.000,1.617,-0.546,-414.307,443.420,548.462
-4.000,1.708,-0.653,-362.610,729.187,442.627
-4.000,1.885,-1.659,-346.680,909.058,369.751
-4.000,1.889,-2.742,-315.308,1312.439,197.021
-4.000,1.849,-4.000,-278.442,1508.484,112.244
-4.000,1.502,-4.000,-218.201,1802.856,-19.409
-4.000,0.886,-3.979,-299.255,1858.765,-77.881
-4.000,0.559,-3.972,-773.193,1671.814,-300.232
-4.000,-1.322,-4.000,-848.022,1436.645,-449.951
-4.000,-1.828,-4.000,-674.622,1162.048,-546.448
-3.912,-1.601,-4.000,-171.753,692.566,-475.891
-3.588,-1.292,-3.999,-17.578,531.311,-361.572
-3.153,-1.061,-4.000,173.218,304.993,-150.024
-2.924,-0.685,-4.000,206.848,215.149,-85.388
-2.983,-0.516,-4.000,243.042,73.669,-32.288
-2.834,-0.256,-3.773,286.255,27.527,-32.532
-2.581,-0.255,-3.410,341.858,-11.230,-52.429
-1.860,-0.304,-2.707,302.917,-6.470,-61.523
-1.596,-0.268,-2.501,129.761,37.170,-70.068
-1.385,-0.161,-2.258,64.148,66.589,-73.792
-1.416,-0.091,-2.156,79.102,124.268,-80.383
-1.411,-0.167,-2.127,106.689,145.752,-76.782
-1.314,-0.211,-2.187,40.283,146.362,-77.209
-1.138,-0.334,-2.252,-13.245,146.606,-76.416
-1.085,-0.350,-2.280,-59.021,154.175,-79.651
-1.055,-0.338,-2.310,-65.430,156.555,-79.834
-1.055,-0.290,-2.297,-40.649,142.212,-74.890
-1.004,-0.279,-2.279,10.437,100.037,-65.979
-0.827,-0.335,-2.291,37.720,78.186,-60.791
-0.767,-0.369,-2.262,75.745,36.255,-48.767
-0.740,-0.398,-2.113,78.125,15.625,-42.297
-0.757,-0.385,-2.012,57.312,-25.635,-28.137
-0.802,-0.304,-1.807,43.152,-45.715,-20.569
-0.827,-0.248,-1.725,26.672,-81.055,-6.042
-0.859,-0.128,-1.560,27.710,-95.093,0.549
-0.855,-0.068,-1.485,40.649,-116.028,10.742
-0.927,0.023,-1.363,47.119,-123.535,14.038
-0.993,0.057,-1.312,58.472,-134.460,18.372
-1.031,0.120,-1.234,63.049,-138.428,19.836
-1.032,0.151,-1.208,64.453,-141.479,20.935
-1.092,0.226,-1.172,56.335,-145.752,22.400
-1.116,0.268,-1.156,54.565,-147.461,22.095
-1.098,0.303,-1.151,64.392,-151.123,18.982
-1.052,0.335,-1.139,66.772,-152.832,16.479
-1.055,0.336,-1.135,51.514,-156.189,10.437
-0.964,0.361,-1.146,38.391,-157.593,7.202
-0.899,0.387,-1.157,14.282,-159.241,0.854
-0.873,0.416,-1.176,-0.732,-159.668,-2.075
-0.858,0.430,-1.193,-46.448,-159.851,-6.653
-0.776,0.491,-1.210,-71.716,-159.668,-7.690
-0.736,0.528,-1.206,-116.699,-160.278,-6.531
-0.678,0.590,-1.195,-136.108,-161.377,-3.906
-0.666,0.597,-1.193,-154.236,-164.612,5.066
-0.598,0.609,-1.203,-153.748,-165.710,11.292
-0.548,0.619,-1.199,-154.480,-166.138,18.921
-0.468,0.633,-1.177,-168.213,-164.429,38.574
-0.430,0.635,-1.155,-174.316,-162.598,49.683
-0.390,0.635,-1.121,-170.654,-157.654,71.655
-0.323,0.594,-1.036,-160.950,-154.785,81.482
-0.287,0.566,-0.996,-145.386,-147.888,98.267
-0.208,0.545,-0.932,-149.109,-143.250,105.896
-0.185,0.545,-0.909,-172.241,-130.737,121.277
-0.154,0.572,-0.889,-183.228,-123.047,129.333
-0.162,0.589,-0.881,-203.857,-105.652,145.996
-0.043,0.664,-0.894,-215.149,-96.680,154.663
-0.026,0.691,-0.893,-223.755,-79.651,170.959
-0.062,0.673,-0.886,-216.003,-72.632,176.636
-0.041,0.667,-0.886,-194.214,-62.561,181.702
0.003,0.628,-0.905,-192.078,-58.777,181.702
0.006,0.617,-0.916,-217.590,-51.147,177.856
0.076,0.640,-0.937,-237.122,-46.570,174.561
0.139,0.655,-0.961,-253.296,-41.443,170.715
0.244,0.647,-0.991,-274.658,-30.212,162.354
0.275,0.631,-1.012,-284.363,-24.780,157.959
0.316,0.610,-1.044,-301.880,-14.587,148.865
0.432,0.551,-1.094,-308.594,-9.583,144.409
0.494,0.504,-1.121,-321.167,0.122,135.986
0.519,0.398,-1.166,-329.590,4.028,132.019
0.513,0.362,-1.191,-346.069,9.094,124.695
0.513,0.313,-1.229,-352.966,10.254,121.216
0.503,0.317,-1.237,-371.765,10.864,115.295
0.522,0.373,-1.225,-375.366,10.986,113.342
0.552,0.410,-1.202,-367.676,11.414,112.427
0.599,0.437,-1.169,-325.745,13.428,114.990
0.670,0.431,-1.084,-303.650,14.832,117.981
0.672,0.436,-1.025,-288.574,17.395,124.451
0.638,0.489,-0.913,-290.588,18.066,126.831
0.616,0.519,-0.855,-274.658,16.357,128.784
0.633,0.517,-0.755,-255.859,13.733,128.601
0.667,0.496,-0.708,-226.624,5.920,126.892
0.730,0.486,-0.600,-224.365,1.892,125.732
0.760,0.514,-0.539,-226.501,-1.770,124.390
0.838,0.555,-0.432,-219.727,-7.996,121.216
0.861,0.551,-0.383,-206.970,-11.353,118.958
0.881,0.537,-0.343,-177.063,-19.714,112.854
0.930,0.482,-0.259,-165.771,-24.719,109.314
0.969,0.454,-0.210,-154.358,-34.424,101.074
1.078,0.401,-0.153,-152.771,-38.391,96.191
1.123,0.388,-0.130,-155.273,-44.739,85.388
1.157,0.402,-0.061,-158.630,-47.974,80.139
1.158,0.413,-0.029,-151.001,-56.763,70.435
1.174,0.416,0.020,-135.132,-61.401,65.918
1.196,0.385,0.042,-103.943,-69.397,57.617
1.234,0.310,0.090,-100.342,-73.669,53.650
1.199,0.282,0.120,-106.079,-78.979,49.744
1.255,0.277,0.128,-141.235,-101.074,42.114

-1.230,0.464,1.092,-57.495,-286.865,366.760
-1.379,0.527,1.126,-51.819,-265.198,416.382
-1.709,0.575,1.139,-45.959,-253.967,438.599
-1.882,0.610,1.100,-59.448,-227.722,477.234
-2.310,0.696,0.997,-80.383,-211.121,494.263
-2.567,0.754,0.934,-129.822,-169.678,525.208
-3.046,0.925,0.762,-152.527,-144.348,539.856
-3.286,1.026,0.698,-173.645,-115.845,554.810
-3.785,1.226,0.534,-206.787,-51.514,586.304
-3.974,1.323,0.441,-215.454,-16.602,601.990
-4.000,1.406,0.360,-221.863,57.617,630.615
-4.000,1.559,0.188,-222.534,97.107,642.639
-3.994,1.617,0.147,-227.478,180.176,661.438
-3.999,1.755,0.116,-233.582,223.572,664.429
-4.000,1.884,0.086,-270.630,322.327,648.743
-4.000,2.164,0.174,-293.274,390.564,628.601
-4.000,2.236,0.237,-300.171,579.834,556.946
-4.000,2.404,-0.274,-291.870,699.890,502.075
-4.000,2.553,-0.869,-279.968,838.867,437.439
-4.000,2.536,-1.695,-260.010,1166.016,287.170
-4.000,2.356,-3.803,-258.057,1338.501,204.895
-4.000,2.173,-4.000,-209.351,1645.203,56.274
-4.000,1.673,-4.000,-193.970,1751.831,5.493
-4.000,1.668,-3.973,-380.676,1764.160,-78.247
-4.000,0.187,-3.991,-531.128,1640.686,-148.071
-4.000,-0.657,-4.000,-536.560,1203.186,-303.345
-3.996,-0.622,-4.000,-388.123,956.970,-323.791
-3.823,-0.353,-4.000,-58.044,542.786,-225.525
-3.123,-0.105,-4.000,65.979,385.620,-152.832
-3.062,-0.053,-4.000,149.353,143.005,-68.909
-3.399,0.243,-3.917,166.809,52.246,-63.293
-3.397,0.291,-3.597,243.164,-57.129,-84.229
-2.892,0.163,-2.629,284.302,-74.463,-99.121
-2.496,0.040,-2.403,297.058,-68.420,-111.938
-2.203,-0.054,-2.210,223.633,2.625,-125.549
-2.004,-0.216,-2.002,129.944,44.983,-130.005
-1.962,-0.153,-1.899,-43.213,103.333,-120.483
-1.803,0.036,-1.777,-60.303,124.390,-108.826
-1.689,0.032,-1.771,-34.363,166.565,-96.069
-1.419,-0.199,-2.043,-22.949,194.885,-107.544
-1.350,-0.299,-2.138,-3.662,230.103,-109.192
-1.351,-0.302,-2.185,-9.949,231.628,-103.271
-1.377,-0.274,-2.169,-56.824,211.914,-98.572
-1.305,-0.229,-2.102,-74.829,192.261,-97.107
-1.196,-0.223,-2.071,-84.229,139.221,-94.055
-0.988,-0.236,-1.968,-82.764,109.192,-92.590
-0.929,-0.231,-1.883,-77.026,48.340,-87.158
-0.875,-0.200,-1.680,-70.679,19.775,-83.252
-0.889,-0.186,-1.567,-49.927,-30.273,-72.388
-0.942,-0.182,-1.359,-37.292,-50.842,-65.674
-0.921,-0.179,-1.270,-11.230,-81.848,-52.124
-0.866,-0.154,-1.130,0.427,-92.163,-45.349
-0.853,-0.133,-1.072,10.376,-99.670,-38.452
-0.830,-0.120,-0.995,20.996,-107.727,-24.536
-0.861,-0.122,-0.969,17.456,-109.192,-18.250
-0.900,-0.111,-0.936,3.967,-109.680,-4.822
-0.851,-0.068,-0.890,1.526,-109.802,2.258
-0.825,-0.043,-0.876,-1.831,-110.107,14.099
-0.866,0.006,-0.882,-6.104,-110.291,18.860
-0.859,0.052,-0.903,-18.738,-110.352,26.978
-0.797,0.172,-0.949,-25.513,-110.229,31.006
-0.802,0.219,-0.979,-31.555,-110.229,38.879
-0.832,0.251,-1.051,-27.527,-110.718,41.931
-0.822,0.249,-1.095,-16.785,-113.464,45.349
-0.840,0.258,-1.162,-16.846,-116.089,46.265
-0.863,0.281,-1.187,-25.940,-124.634,47.913
-0.878,0.344,-1.237,-29.724,-130.310,49.255
-0.871,0.369,-1.265,-32.288,-142.212,52.917
-0.846,0.385,-1.303,-32.715,-147.766,54.565
-0.844,0.392,-1.317,-32.898,-157.837,56.458
-0.811,0.415,-1.334,-32.227,-162.415,56.946
-0.788,0.422,-1.331,-31.982,-166.748,57.495
-0.774,0.421,-1.324,-34.058,-174.561,59.143
-0.745,0.395,-1.323,-37.292,-177.307,59.814
-0.705,0.382,-1.314,-52.734,-179.260,60.730
-0.594,0.371,-1.276,-65.063,-178.467,61.462
-0.553,0.372,-1.255,-91.003,-174.683,63.904
-0.503,0.363,-1.219,-99.487,-172.363,65.613
-0.478,0.355,-1.196,-108.398,-166.992,69.641
-0.390,0.370,-1.162,-115.356,-163.696,72.510
-0.348,0.380,-1.150,-132.019,-154.968,80.627
-0.291,0.394,-1.120,-135.925,-150.085,85.388
-0.279,0.391,-1.110,-133.240,-141.296,94.666
-0.260,0.375,-1.103,-131.104,-137.512,98.877
-0.247,0.372,-1.099,-132.202,-133.789,102.722
-0.216,0.371,-1.095,-145.264,-126.038,108.887
-0.138,0.381,-1.071,-152.954,-121.643,111.145
-0.109,0.393,-1.061,-159.973,-112.671,113.464
-0.055,0.391,-1.032,-159.912,-108.154,113.403
-0.016,0.390,-1.019,-167.908,-98.816,110.901
0.071,0.409,-0.982,-178.772,-93.628,108.826
0.117,0.433,-0.968,-202.759,-81.360,104.187
0.224,0.463,-0.950,-209.717,-74.402,102.051
0.263,0.461,-0.945,-215.332,-59.692,98.572
0.320,0.439,-0.936,-221.374,-52.612,97.168
0.343,0.422,-0.940,-230.408,-45.959,95.520
0.366,0.410,-0.942,-247.375,-34.058,90.820
0.426,0.395,-0.943,-253.601,-28.870,87.830
0.461,0.386,-0.942,-261.292,-19.470,81.543
0.524,0.376,-0.939,-265.198,-14.832,78.613
0.555,0.381,-0.940,-279.053,-5.188,73.242
0.615,0.394,-0.921,-286.194,-0.244,70.557
0.640,0.391,-0.903,-287.964,9.338,64.636
0.685,0.338,-0.868,-282.837,13.855,61.462
0.708,0.294,-0.853,-276.245,22.400,55.725
0.743,0.209,-0.837,-278.198,26.489,52.917
0.748,0.176,-0.824,-282.593,30.090,50.110
0.738,0.143,-0.804,-290.833,35.522,44.434
0.742,0.092,-0.772,-289.246,37.659,41.687
0.756,0.065,-0.745,-271.606,42.236,37.292
0.764,-0.030,-0.703,-262.207,45.044,35.889
0.762,-0.077,-0.686,-261.353,52.063,34.119
0.774,-0.098,-0.662,-268.127,56.274,33.508
0.795,-0.082,-0.646,-277.283,65.308,32.288
0.811,-0.071,-0.610,-276.245,69.275,31.372
0.804,-0.072,-0.592,-270.386,74.158,29.114
0.835,-0.070,-0.552,-269.897,75.562,28.137
0.838,-0.035,-0.497,-270.752,76.599,27.588
0.809,0.093,-0.349,-265.625,78.369,29.114

-1.110,0.868,1.013,-89.783,-252.808,255.920
-1.264,0.979,1.045,-111.511,-242.615,285.583
-1.556,1.121,1.103,-107.666,-238.342,307.434
-1.689,1.165,1.113,-110.168,-226.685,364.929
-2.003,1.308,1.090,-120.483,-216.675,400.513
-2.165,1.391,1.061,-136.169,-184.937,481.567
-2.521,1.500,0.947,-138.306,-163.513,523.865
-2.755,1.590,0.905,-138.123,-138.489,565.002
-3.641,1.845,0.717,-141.296,-79.773,643.066
-4.000,1.980,0.622,-143.127,-42.786,679.016
-4.000,2.105,0.603,-149.658,50.964,739.624
-4.000,2.272,0.806,-150.269,106.812,761.291
-3.985,2.282,0.888,-118.652,248.657,774.963
-3.999,2.145,0.879,-121.216,345.276,767.334
-4.000,2.126,0.693,-293.640,622.437,696.960
-4.000,2.417,-0.350,-415.161,805.054,619.568
-4.000,2.688,-1.456,-488.647,1194.519,392.639
-4.000,3.245,-3.842,-413.147,1366.455,275.330
-4.000,3.490,-4.000,-302.002,1509.888,185.669
-4.000,3.512,-4.000,-110.962,1696.411,129.272
-4.000,2.350,-3.969,-107.178,1720.459,138.916
-4.000,1.000,-3.971,-485.718,1594.910,32.715
-4.000,-1.406,-4.000,-769.958,1449.890,-136.719
-4.000,-1.783,-4.000,-978.760,1016.479,-504.700
-3.981,-1.500,-4.000,-782.227,770.874,-568.848
-3.778,-1.443,-3.999,-110.107,395.020,-416.016
-3.068,-1.310,-4.000,143.127,276.245,-288.513
-2.981,-1.256,-4.000,339.600,109.863,-96.313
-2.907,-0.997,-3.969,360.596,44.067,-50.232
-2.811,-0.777,-3.751,370.544,-53.955,-33.081
-2.772,-0.474,-2.937,361.450,-80.566,-41.992
-2.524,-0.479,-2.620,292.847,-83.557,-63.049
-1.598,-0.491,-2.404,238.953,-60.425,-70.129
-1.319,-0.426,-2.233,84.656,-1.282,-78.186
-1.232,-0.413,-2.081,-7.629,27.405,-80.627
-1.092,-0.472,-2.137,-61.462,63.049,-86.060
-0.718,-0.620,-2.223,-3.479,129.333,-100.708
-0.737,-0.634,-2.117,29.846,152.588,-109.741
-0.838,-0.622,-2.018,-8.789,165.161,-118.103
-0.904,-0.607,-1.985,-50.781,153.503,-114.807
-0.800,-0.603,-1.995,-94.543,108.215,-100.342
-0.599,-0.547,-1.963,-98.633,80.261,-90.942
-0.564,-0.474,-1.902,-101.074,21.851,-67.749
-0.598,-0.311,-1.722,-94.482,-6.958,-54.321
-0.648,-0.238,-1.636,-57.007,-58.838,-26.062
-0.700,-0.130,-1.485,-34.912,-80.200,-12.695
-0.693,-0.080,-1.417,0.366,-111.511,11.536
-0.728,0.003,-1.347,14.832,-121.704,21.606
-0.747,0.036,-1.331,54.810,-133.667,36.621
-0.760,0.082,-1.316,74.463,-136.292,41.016
-0.774,0.104,-1.314,86.731,-137.573,43.884
-0.821,0.153,-1.319,80.750,-137.878,43.823
-0.841,0.174,-1.330,72.876,-138.733,43.213
-0.883,0.208,-1.365,59.753,-143.494,39.795
-0.910,0.220,-1.384,52.246,-147.400,36.682
-0.920,0.219,-1.403,31.311,-156.372,27.649
-0.856,0.215,-1.443,18.799,-160.522,22.156
-0.819,0.223,-1.461,-5.066,-167.419,11.719
-0.803,0.232,-1.455,-15.381,-170.654,7.507
-0.797,0.239,-1.453,-34.424,-177.429,2.075
-0.747,0.256,-1.453,-45.044,-180.481,0.854
-0.723,0.270,-1.444,-72.144,-184.631,1.099
-0.688,0.326,-1.417,-86.731,-185.791,2.319
-0.670,0.354,-1.400,-104.675,-186.218,6.348
-0.611,0.335,-1.344,-109.009,-185.486,8.911
-0.582,0.307,-1.296,-137.024,-181.641,15.869
-0.494,0.339,-1.177,-161.743,-178.345,21.545
-0.430,0.374,-1.114,-183.044,-167.236,37.964
-0.303,0.395,-1.029,-170.044,-159.363,47.180
-0.271,0.379,-0.989,-153.015,-150.879,56.091
-0.220,0.352,-0.956,-141.785,-134.949,71.777
-0.192,0.369,-0.961,-148.010,-128.235,77.942
-0.151,0.406,-0.977,-160.889,-116.272,86.243
-0.096,0.465,-1.005,-163.086,-111.389,88.318
-0.078,0.487,-1.027,-164.429,-105.835,87.891
-0.029,0.494,-1.068,-165.222,-105.652,85.815
-0.007,0.484,-1.066,-179.321,-108.093,80.139
0.082,0.465,-1.033,-190.063,-109.192,77.332
0.129,0.447,-0.990,-205.444,-107.483,73.120
0.250,0.397,-0.942,-210.693,-104.248,71.716
0.306,0.364,-0.924,-221.313,-93.384,70.984
0.372,0.311,-0.918,-226.929,-87.402,71.472
0.370,0.282,-0.900,-231.995,-82.397,72.327
0.407,0.235,-0.868,-241.577,-75.500,73.792
0.458,0.222,-0.868,-243.103,-72.205,74.219
0.504,0.206,-0.854,-246.399,-63.171,74.890
0.556,0.166,-0.831,-251.038,-58.105,75.439
0.597,0.160,-0.842,-251.892,-48.462,77.332
0.682,0.139,-0.860,-247.375,-43.762,78.491
0.707,0.125,-0.876,-240.112,-36.255,79.712
0.716,0.091,-0.892,-242.798,-33.813,79.102
0.744,0.092,-0.899,-253.784,-29.480,74.829
0.813,0.098,-0.890,-254.333,-26.306,71.533
0.834,0.105,-0.901,-255.371,-17.700,64.636
0.797,0.081,-0.926,-261.353,-13.672,61.157
0.780,0.069,-0.949,-268.616,-10.437,57.434
0.788,0.070,-0.957,-284.180,-6.104,49.866
0.894,0.137,-0.910,-290.161,-3.418,46.936
0.959,0.165,-0.867,-289.368,5.127,43.030
0.996,0.221,-0.737,-294.678,10.986,41.687
0.975,0.321,-0.673,-335.754,24.109,40.649
0.896,0.631,-0.550,-346.558,29.968,41.199
0.824,0.739,-0.480,-335.205,36.316,42.969
0.690,0.966,-0.282,-327.393,35.156,43.335
0.659,1.070,-0.149,-305.298,24.841,43.579
0.703,1.194,0.095,-282.898,18.188,43.945
0.752,1.204,0.205,-255.127,12.390,44.189
0.783,1.179,0.312,-206.787,4.883,42.908
0.792,1.112,0.474,-186.096,2.014,40.955
0.791,1.060,0.529,-146.179,-3.418,34.729
0.824,0.918,0.593,-129.883,-5.615,30.884
0.831,0.826,0.635,-107.361,-9.094,22.766
0.825,0.676,0.681,-100.098,-11.169,18.616
0.823,0.620,0.712,-71.167,-15.930,10.925
0.859,0.463,0.731,-45.471,-17.090,7.446
0.887,0.359,0.731,-21.423,-17.029,4.272
0.945,0.134,0.675,6.165,-12.634,-2.686
0.969,0.041,0.669,6.348,-10.254,-10.193
0.994,-0.012,0.682,-22.888,-6.775,-11.841

